black,,,,
grey,,,,
white,,,,
brown,,,,
beige,,,,
red,,,,
pink,,,,
orange,,,,
yellow,,,,
ivory,,,,
green,,,,
blue,,,,
purple,,,,
gold,,,,
silver,,,,
multi,,,,
clear,,,,
2000,,,,
3000,,,,
4000,,,,
5000,,,,
6000,,,,
7000,,,,
8000,,,,
9000,,,,
10000,,,,
12000,,,,
adjustable-harness,,,,
adjustable-height,,,,
cup-holders,,,,
removable-cover,,,,
removable-seat-pad,,,,
snack-tray,,,,
storage-pockets,,,,
usb-port,,,,
baby-boys,,,,
baby-girls,,,,
unisex-baby,,,,
stage-1-baby-food,,,,
stage-2-baby-food,,,,
stage-3-baby-food,,,,
toddler-baby-food,,,,
contains-fruit,,,,
contains-vegetables,,,,
contains-meat,,,,
box-packaging,,,,
family-packaging,,,,
jar-packaging,,,,
multipack-packaging,,,,
party-packaging,,,,
pouch-packaging,,,,
single-serving-packaging,,,,
variety-packaging,,,,
latex,,,,
silicon,,,,
bpa-free,,,,
latex-free,,,,
nitrosamine-free,,,,
pvc-free,,,,
phthalate-free,,,,
[1-3],,,,
[4-6],,,,
[7-10],,,,
Enter numeric value.,,,,
cashmere,,,,
chenille,,,,
cotton,,,,
100% cotton,,,,
cotton blend,,,,
egyptian cotton,,,,
hydro-cotton,,,,
denim,,,,
down,,,,
feather,,,,
feather down blend,,,,
goose down,,,,
flannel,,,,
fleece,,,,
jersey,,,,
leather,,,,
suede,,,,
percale,,,,
polyester,,,,
polyester blend,,,,
sateen,,,,
satin,,,,
silk,,,,
synthetic,,,,
velvet,,,,
wool,,,,
checkered,,,,
floral,,,,
geometric-pattern,,,,
gingham,,,,
moire,,,,
paisley,,,,
patchwork,,,,
plaid,,,,
polka-dots,,,,
print,,,,
solid,,,,
striped,,,,
attached changer,,,,
convertible,,,,
folding,,,,
full size,,,,
gliding,,,,
mini,,,,
rocking,,,,
storage,,,,
sustainable materials,,,,
under crib storage,,,,
cherry,,,,
ebony,,,,
espresso,,,,
mahogany,,,,
natural,,,,
oak,,,,
walnut,,,,
chambray,,,,
cotton,,,,
denim,,,,
silk,,,,
velvet,,,,
wool,,,,
metal,,,,
plastic,,,,
rattan,,,,
wicker,,,,
beech,,,,
birch,,,,
cedar,,,,
cherry,,,,
elm,,,,
hardwood,,,,
mahogany,,,,
maple,,,,
oak,,,,
pine,,,,
rosewood,,,,
teak,,,,
walnut,,,,
willow,,,,
canopy,,,,
euro,,,,
four poster,,,,
mission,,,,
modern,,,,
round,,,,
slat,,,,
sleigh,,,,
spindle,,,,
traditional,,,,
transitional,,,,
[1-5],,,,
[6-7],,,,
[8-10],,,,
[11-15],,,,
Enter numeric value.,,,,
Enter numeric value.,,,,
battery,,,,
electric,,,,
manual,,,,
rechargeable batteries,,,,
led soundlights,,,,
low battery,,,,
out of range,,,,
dect,,,,
parent unit locator,,,,
power saver,,,,
audio only,,,,
brightness,,,,
sensitivity,,,,
volume,,,,
nightvision,,,,
room temperature,,,,
audio,,,,
movement,,,,
video,,,,
intercom talk back,,,,
web compatible,,,,
[1-5],,,,
[6-7],,,,
[8-10],,,,
[11-15],,,,
Enter numeric value.,,,,
bassinet,,,,
changing station,,,,
playard,,,,
canopy,,,,
mobile,,,,
music,,,,
nightlight,,,,
vibration,,,,
black,,,,
grey,,,,
white,,,,
brown,,,,
beige,,,,
red,,,,
pink,,,,
orange,,,,
yellow,,,,
ivory,,,,
green,,,,
blue,,,,
purple,,,,
gold,,,,
silver,,,,
multi,,,,
clear,,,,
stainless-steel,,,,
2000,,,,
3000,,,,
4000,,,,
5000,,,,
6000,,,,
7000,,,,
8000,,,,
9000,,,,
10000,,,,
12000,,,,
forward-facing,,,,
rear-facing,,,,
one-person,,,,
two-person,,,,
three-person,,,,
four-person,,,,
1-hand-fold,,,,
caliper-brakes,,,,
canopy,,,,
cargo-basket,,,,
cargo-nets,,,,
cell-phone-pocket,,,,
child-snack-tray,,,,
compact-fold,,,,
fits-in-overhead-airplane-bin,,,,
grab-bumper-bar,,,,
height-adjustable-handlebar,,,,
parents-tray-and-cup-holders,,,,
reversible-handlebar,,,,
shopping-baskets,,,,
storage-pockets,,,,
front mount,,,,
rear mount,,,,
hands free,,,,
hospital grade,,,,
preemie,,,,
newborn,,,,
1,,,,
2,,,,
3,,,,
4,,,,
5,,,,
6,,,,
7,,,,
foam,,,,
hypoallergenic,,,,
inner-coils,,,,
inner-springs,,,,
organic,,,,
spring,,,,
waterproof,,,,
cool-mist,,,,
warm-mist,,,,
Enter numeric value.,,,,
hardware mounted,,,,
pressure mounted,,,,
free standing,,,,
adhesive,,,,
extensions,,,,
fabric,,,,
metal,,,,
plastic,,,,
wood,,,,
2-footx3-foot,,,,
2.5-footx9-foot,,,,
2.5-footx13-foot,,,,
3-footx5-foot,,,,
4-footx6-foot,,,,
5-footx8-foot,,,,
6-footx9-foot,,,,
8-footx10-foot,,,,
9-footx12-foot,,,,
2t/3t,,,,
3t/4t,,,,
4t/5t,,,,
Baby Products,,,,
Baby Products/Baby & Toddler Toys,,,,
Baby Products/Baby & Toddler Toys/Activity Play Centers,,,,
Baby Products/Baby & Toddler Toys/Balls,,,,
Baby Products/Baby & Toddler Toys/Bath Toys,,,,
Baby Products/Baby & Toddler Toys/Blocks,,,,
Baby Products/Baby & Toddler Toys/Car Seat & Stroller Toys,,,,
Baby Products/Baby & Toddler Toys/Car Seat & Stroller Toys/Car Seat Toys,,,,
Baby Products/Baby & Toddler Toys/Car Seat & Stroller Toys/Stroller Toys,,,,
Baby Products/Baby & Toddler Toys/Crib Toys & Attachments,,,,
Baby Products/Baby & Toddler Toys/Electronic Toys,,,,
Baby Products/Baby & Toddler Toys/Figures & Playsets,,,,
Baby Products/Baby & Toddler Toys/Hammering & Pounding Toys,,,,
Baby Products/Baby & Toddler Toys/Hand & Feet Finders,,,,
Baby Products/Baby & Toddler Toys/Indoor Climbers & Play Structures,,,,
Baby Products/Baby & Toddler Toys/Mirrors,,,,
Baby Products/Baby & Toddler Toys/Music & Sound,,,,
Baby Products/Baby & Toddler Toys/Push & Pull Toys,,,,
Baby Products/Baby & Toddler Toys/Rattles,,,,
Baby Products/Baby & Toddler Toys/Rocking & Spring Ride-Ons,,,,
Baby Products/Baby & Toddler Toys/Rocking & Spring Ride-Ons/Rocking Ride-Ons,,,,
Baby Products/Baby & Toddler Toys/Rocking & Spring Ride-Ons/Spring Ride-Ons,,,,
Baby Products/Baby & Toddler Toys/Shape Sorters,,,,
Baby Products/Baby & Toddler Toys/Spinning Tops,,,,
Baby Products/Baby & Toddler Toys/Stacking & Nesting Toys,,,,
Baby Products/Baby & Toddler Toys/Stick Horses,,,,
Baby Products/Baby & Toddler Toys/Teaching Clocks,,,,
Baby Products/Baby & Toddler Toys/Teethers,,,,
Baby Products/Baby & Toddler Toys/Toy Gift Sets,,,,
Baby Products/Baby Stationery,,,,
Baby Products/Baby Stationery/Birth Announcements,,,,
Baby Products/Baby Stationery/Invitations,,,,
Baby Products/Baby Stationery/Thank You Cards,,,,
Baby Products/Bathing & Skin Care,,,,
Baby Products/Bathing & Skin Care/Aromatherapy,,,,
Baby Products/Bathing & Skin Care/Bathing Tubs & Seats,,,,
Baby Products/Bathing & Skin Care/Bathroom Safety,,,,
Baby Products/Bathing & Skin Care/Bubble Bath,,,,
Baby Products/Bathing & Skin Care/Conditioners,,,,
Baby Products/Bathing & Skin Care/Gift Sets,,,,
Baby Products/Bathing & Skin Care/Grooming & Healthcare Kits,,,,
Baby Products/Bathing & Skin Care/Non-Slip Bath Mats,,,,
Baby Products/Bathing & Skin Care/Shampoo,,,,
Baby Products/Bathing & Skin Care/Skin Care,,,,
Baby Products/Bathing & Skin Care/Skin Care/Diaper Creams,,,,
Baby Products/Bathing & Skin Care/Skin Care/Lotions,,,,
Baby Products/Bathing & Skin Care/Skin Care/Oils,,,,
Baby Products/Bathing & Skin Care/Skin Care/Powders,,,,
Baby Products/Bathing & Skin Care/Soaps & Cleansers,,,,
Baby Products/Bathing & Skin Care/Soaps & Cleansers/Bar Soaps,,,,
Baby Products/Bathing & Skin Care/Soaps & Cleansers/Body Wash,,,,
Baby Products/Bathing & Skin Care/Soaps & Cleansers/Foaming Soaps,,,,
Baby Products/Bathing & Skin Care/Soaps & Cleansers/Hypoallergenic Cleansers,,,,
Baby Products/Bathing & Skin Care/Soaps & Cleansers/No-Rinse Cleansers,,,,
Baby Products/Bathing & Skin Care/Travel Bathing Kits,,,,
Baby Products/Bathing & Skin Care/Washcloths & Towels,,,,
Baby Products/Bathing & Skin Care/Washcloths & Towels/Bath & Hooded Towels,,,,
Baby Products/Bathing & Skin Care/Washcloths & Towels/Washcloths & Wash Gloves,,,,
Baby Products/Car Seats & Accessories,,,,
Baby Products/Car Seats & Accessories/Accessories,,,,
Baby Products/Car Seats & Accessories/Accessories/Adapters,,,,
Baby Products/Car Seats & Accessories/Accessories/Angle Adjusters,,,,
Baby Products/Car Seats & Accessories/Accessories/Automotive Seat Protector,,,,
Baby Products/Car Seats & Accessories/Accessories/Bunting Bags,,,,
Baby Products/Car Seats & Accessories/Accessories/Canopies & Covers,,,,
Baby Products/Car Seats & Accessories/Accessories/Chest & Harness Clips,,,,
Baby Products/Car Seats & Accessories/Accessories/Cup Holders,,,,
Baby Products/Car Seats & Accessories/Accessories/Cushions,,,,
Baby Products/Car Seats & Accessories/Accessories/Foot Rests,,,,
Baby Products/Car Seats & Accessories/Accessories/Head & Body Supports,,,,
Baby Products/Car Seats & Accessories/Accessories/Rear Facing Mirrors,,,,
Baby Products/Car Seats & Accessories/Accessories/Seat Back Kick Protectors,,,,
Baby Products/Car Seats & Accessories/Accessories/Seat Liners,,,,
Baby Products/Car Seats & Accessories/Accessories/Storage & Organizers,,,,
Baby Products/Car Seats & Accessories/Accessories/Strap & Belt Covers,,,,
Baby Products/Car Seats & Accessories/Accessories/Sun Protection,,,,
Baby Products/Car Seats & Accessories/Accessories/Travel Bags & Carts,,,,
Baby Products/Car Seats & Accessories/Accessories/Travel Bags & Carts/Bags,,,,
Baby Products/Car Seats & Accessories/Accessories/Travel Bags & Carts/Carts,,,,
Baby Products/Car Seats & Accessories/Car Beds,,,,
Baby Products/Car Seats & Accessories/Car Seat Bases,,,,
Baby Products/Car Seats & Accessories/Car Seats,,,,
Baby Products/Car Seats & Accessories/Car Seats/3-in-1,,,,
Baby Products/Car Seats & Accessories/Car Seats/Booster,,,,
Baby Products/Car Seats & Accessories/Car Seats/Convertible,,,,
Baby Products/Car Seats & Accessories/Car Seats/Infant,,,,
Baby Products/Car Seats & Accessories/Car Seats/Travel Systems,,,,
Baby Products/Diapering,,,,
Baby Products/Diapering/Changing Table Pads & Covers,,,,
Baby Products/Diapering/Changing Tables,,,,
Baby Products/Diapering/Cloth Diaper Accessories,,,,
Baby Products/Diapering/Cloth Diaper Accessories/Inserts & Liners,,,,
Baby Products/Diapering/Cloth Diaper Accessories/Laundry Detergent,,,,
Baby Products/Diapering/Cloth Diaper Accessories/Pins & Fasteners,,,,
Baby Products/Diapering/Cloth Diaper Accessories/Pins & Fasteners/Diaper Fasteners,,,,
Baby Products/Diapering/Cloth Diaper Accessories/Sprayers,,,,
Baby Products/Diapering/Cloth Diaper Accessories/Wet Bags,,,,
Baby Products/Diapering/Cloth Diapers,,,,
Baby Products/Diapering/Cloth Diapers/Covers,,,,
Baby Products/Diapering/Diaper Bags,,,,
Baby Products/Diapering/Diaper Changing Kits,,,,
Baby Products/Diapering/Diaper Creams & Ointments,,,,
Baby Products/Diapering/Diaper Pails & Refills,,,,
Baby Products/Diapering/Diaper Stackers & Caddies,,,,
Baby Products/Diapering/Disposable Diapers,,,,
Baby Products/Diapering/Gift Sets,,,,
Baby Products/Diapering/Portable Changing Pads,,,,
Baby Products/Diapering/Powders,,,,
Baby Products/Diapering/Wipes & Holders,,,,
Baby Products/Diapering/Wipes & Holders/Wipe Holders,,,,
Baby Products/Diapering/Wipes & Holders/Wipe Warmers,,,,
Baby Products/Diapering/Wipes & Holders/Wipes & Refills,,,,
Baby Products/Feeding,,,,
Baby Products/Feeding/Baby Foods,,,,
Baby Products/Feeding/Baby Foods/Baby Formula,,,,
Baby Products/Feeding/Baby Foods/Beverages,,,,
Baby Products/Feeding/Baby Foods/Cereal,,,,
Baby Products/Feeding/Baby Foods/Meals,,,,
Baby Products/Feeding/Baby Foods/Meals/Dinners,,,,
Baby Products/Feeding/Baby Foods/Meals/Fruit,,,,
Baby Products/Feeding/Baby Foods/Meals/Meat,,,,
Baby Products/Feeding/Baby Foods/Meals/Vegetables,,,,
Baby Products/Feeding/Baby Foods/Snack Foods,,,,
Baby Products/Feeding/Baby Foods/Snack Foods/Crackers & Biscuits,,,,
Baby Products/Feeding/Bibs & Burp Cloths,,,,
Baby Products/Feeding/Bibs & Burp Cloths/Bibs,,,,
Baby Products/Feeding/Bibs & Burp Cloths/Bibs/Boy's Bibs,,,,
Baby Products/Feeding/Bibs & Burp Cloths/Bibs/Girl's Bibs,,,,
Baby Products/Feeding/Bibs & Burp Cloths/Bibs & Burp Cloths Sets,,,,
Baby Products/Feeding/Bibs & Burp Cloths/Burp Cloths,,,,
Baby Products/Feeding/Bibs & Burp Cloths/Burp Cloths/Boy's Burp Cloths,,,,
Baby Products/Feeding/Bibs & Burp Cloths/Burp Cloths/Girl's Burp Cloths,,,,
Baby Products/Feeding/Bottle-Feeding,,,,
Baby Products/Feeding/Bottle-Feeding/Bottle Accessories,,,,
Baby Products/Feeding/Bottle-Feeding/Bottle Tote Bags,,,,
Baby Products/Feeding/Bottle-Feeding/Bottles,,,,
Baby Products/Feeding/Bottle-Feeding/Formula Dispensers & Mixers,,,,
Baby Products/Feeding/Bottle-Feeding/Nipples,,,,
Baby Products/Feeding/Bottle-Feeding/Warmers & Sterilizers,,,,
Baby Products/Feeding/Breastfeeding,,,,
Baby Products/Feeding/Breastfeeding/Breast Pump Accessories,,,,
Baby Products/Feeding/Breastfeeding/Breast Pumps,,,,
Baby Products/Feeding/Breastfeeding/Breast Pumps/Double Electric,,,,
Baby Products/Feeding/Breastfeeding/Breast Pumps/Manual,,,,
Baby Products/Feeding/Breastfeeding/Breast Pumps/Single Electric,,,,
Baby Products/Feeding/Breastfeeding/Breast Shells & Creams,,,,
Baby Products/Feeding/Breastfeeding/Nursing Covers,,,,
Baby Products/Feeding/Breastfeeding/Nursing Pads,,,,
Baby Products/Feeding/Food Mills,,,,
Baby Products/Feeding/Food Storage,,,,
Baby Products/Feeding/Gift Sets,,,,
Baby Products/Feeding/Highchairs & Booster Seats,,,,
Baby Products/Feeding/Highchairs & Booster Seats/Accessories,,,,
Baby Products/Feeding/Highchairs & Booster Seats/Booster & Hook-On Seats,,,,
Baby Products/Feeding/Highchairs & Booster Seats/Highchairs,,,,
Baby Products/Feeding/Pacifiers & Accessories,,,,
Baby Products/Feeding/Pacifiers & Accessories/Leashes & Cases,,,,
Baby Products/Feeding/Pacifiers & Accessories/Pacifiers,,,,
Baby Products/Feeding/Pillows & Stools,,,,
Baby Products/Feeding/Pillows & Stools/Pillow Covers,,,,
Baby Products/Feeding/Pillows & Stools/Pillows,,,,
Baby Products/Feeding/Pillows & Stools/Stools,,,,
Baby Products/Feeding/Solid Feeding,,,,
Baby Products/Feeding/Solid Feeding/Cups,,,,
Baby Products/Feeding/Solid Feeding/Dishes,,,,
Baby Products/Feeding/Solid Feeding/Lunch Bags,,,,
Baby Products/Feeding/Solid Feeding/Place Mats,,,,
Baby Products/Feeding/Solid Feeding/Utensils,,,,
Baby Products/Feeding/Vitamins,,,,
Baby Products/Gear,,,,
Baby Products/Gear/Activity Centers & Entertainers,,,,
Baby Products/Gear/Baby Gyms & Playmats,,,,
Baby Products/Gear/Backpacks & Carriers,,,,
Baby Products/Gear/Backpacks & Carriers/Accessories,,,,
Baby Products/Gear/Backpacks & Carriers/Backpacks,,,,
Baby Products/Gear/Backpacks & Carriers/Backpacks/Camping Backpacks,,,,
Baby Products/Gear/Backpacks & Carriers/Slings,,,,
Baby Products/Gear/Backpacks & Carriers/Soft Carriers,,,,
Baby Products/Gear/Bicycle Child Seats & Trailers,,,,
Baby Products/Gear/Floor Seats & Loungers,,,,
Baby Products/Gear/Harnesses & Leashes,,,,
Baby Products/Gear/Playard Bedding,,,,
Baby Products/Gear/Playards,,,,
Baby Products/Gear/Shopping Cart Covers,,,,
"Baby Products/Gear/Swings, Jumpers & Bouncers",,,,
"Baby Products/Gear/Swings, Jumpers & Bouncers/Bouncers",,,,
"Baby Products/Gear/Swings, Jumpers & Bouncers/Jumpers",,,,
"Baby Products/Gear/Swings, Jumpers & Bouncers/Swings",,,,
Baby Products/Gear/Travel Beds,,,,
Baby Products/Gear/Walkers,,,,
Baby Products/Gifts,,,,
"Baby Products/Gifts/Albums, Frames & Journals",,,,
"Baby Products/Gifts/Albums, Frames & Journals/Albums",,,,
"Baby Products/Gifts/Albums, Frames & Journals/Frames",,,,
"Baby Products/Gifts/Albums, Frames & Journals/Journals",,,,
Baby Products/Gifts/Gift Baskets,,,,
Baby Products/Gifts/Gift Sets,,,,
Baby Products/Gifts/Gift Sets/Bathing,,,,
Baby Products/Gifts/Gift Sets/Bedding,,,,
Baby Products/Gifts/Gift Sets/Diapering,,,,
Baby Products/Gifts/Gift Sets/Feeding,,,,
Baby Products/Gifts/Gift Sets/Nursery Décor,,,,
Baby Products/Gifts/Gift Sets/Toy Sets,,,,
Baby Products/Gifts/Keepsakes,,,,
Baby Products/Gifts/Keepsakes/Christening,,,,
Baby Products/Gifts/Keepsakes/Hand & Footprint Makers,,,,
Baby Products/Gifts/Keepsakes/Keepsake Boxes & Tins,,,,
Baby Products/Gifts/Keepsakes/Keepsake Frames,,,,
Baby Products/Gifts/Keepsakes/Keepsake Rattles,,,,
Baby Products/Gifts/Keepsakes/Silver Baby Spoons,,,,
Baby Products/Gifts/Rattles,,,,
Baby Products/Gifts/Toy Banks,,,,
Baby Products/Health & Baby Care,,,,
Baby Products/Health & Baby Care/Colic & Gas Relief,,,,
Baby Products/Health & Baby Care/Humidifiers & Vaporizers,,,,
Baby Products/Health & Baby Care/Humidifiers & Vaporizers/Humidifier Parts & Accessories,,,,
Baby Products/Health & Baby Care/Humidifiers & Vaporizers/Humidifier Parts & Accessories/Absorption Sleeves,,,,
Baby Products/Health & Baby Care/Humidifiers & Vaporizers/Humidifier Parts & Accessories/Accessories,,,,
Baby Products/Health & Baby Care/Humidifiers & Vaporizers/Humidifier Parts & Accessories/Chemicals,,,,
Baby Products/Health & Baby Care/Humidifiers & Vaporizers/Humidifier Parts & Accessories/Humidity Meters,,,,
Baby Products/Health & Baby Care/Humidifiers & Vaporizers/Humidifier Parts & Accessories/Replacement Belts,,,,
Baby Products/Health & Baby Care/Humidifiers & Vaporizers/Humidifier Parts & Accessories/Replacement Filters,,,,
Baby Products/Health & Baby Care/Humidifiers & Vaporizers/Humidifier Parts & Accessories/Replacement Parts,,,,
Baby Products/Health & Baby Care/Humidifiers & Vaporizers/Humidifier Parts & Accessories/Replacement Wicks,,,,
Baby Products/Health & Baby Care/Humidifiers & Vaporizers/Single Room Humidifiers,,,,
Baby Products/Health & Baby Care/Humidifiers & Vaporizers/Whole House Humidifiers,,,,
Baby Products/Health & Baby Care/Nail Care,,,,
Baby Products/Health & Baby Care/Nasal Aspirators,,,,
Baby Products/Health & Baby Care/Sun Protection,,,,
Baby Products/Health & Baby Care/Teethers & Teething Relief,,,,
Baby Products/Health & Baby Care/Teethers & Teething Relief/Teethers,,,,
Baby Products/Health & Baby Care/Teethers & Teething Relief/Teething Relief,,,,
Baby Products/Health & Baby Care/Thermometers,,,,
Baby Products/Health & Baby Care/Toothbrushes,,,,
Baby Products/Health & Baby Care/Training Toothpaste,,,,
Baby Products/Nursery,,,,
"Baby Products/Nursery/Beds, Cribs & Bedding",,,,
"Baby Products/Nursery/Beds, Cribs & Bedding/Bed Rails",,,,
"Baby Products/Nursery/Beds, Cribs & Bedding/Bedding",,,,
"Baby Products/Nursery/Beds, Cribs & Bedding/Bedding/Bassinet Bedding",,,,
"Baby Products/Nursery/Beds, Cribs & Bedding/Bedding/Bassinet Bedding/Bed Skirts",,,,
"Baby Products/Nursery/Beds, Cribs & Bedding/Bedding/Bassinet Bedding/Bedding Sets",,,,
"Baby Products/Nursery/Beds, Cribs & Bedding/Bedding/Bassinet Bedding/Bumpers",,,,
"Baby Products/Nursery/Beds, Cribs & Bedding/Bedding/Bassinet Bedding/Mattress Pads",,,,
"Baby Products/Nursery/Beds, Cribs & Bedding/Bedding/Bassinet Bedding/Sheets",,,,
"Baby Products/Nursery/Beds, Cribs & Bedding/Bedding/Bassinet Bedding/Sheets/Fitted",,,,
"Baby Products/Nursery/Beds, Cribs & Bedding/Bedding/Blankets & Swaddling",,,,
"Baby Products/Nursery/Beds, Cribs & Bedding/Bedding/Blankets & Swaddling/Bed Blankets",,,,
"Baby Products/Nursery/Beds, Cribs & Bedding/Bedding/Blankets & Swaddling/Receiving Blankets",,,,
"Baby Products/Nursery/Beds, Cribs & Bedding/Bedding/Blankets & Swaddling/Swaddling Blankets",,,,
"Baby Products/Nursery/Beds, Cribs & Bedding/Bedding/Blankets & Swaddling/Toddler Blankets",,,,
"Baby Products/Nursery/Beds, Cribs & Bedding/Bedding/Blankets & Swaddling/Wearable Blankets",,,,
"Baby Products/Nursery/Beds, Cribs & Bedding/Bedding/Blankets & Swaddling/Wearable Blankets/Boys' Wearable Blankets",,,,
"Baby Products/Nursery/Beds, Cribs & Bedding/Bedding/Blankets & Swaddling/Wearable Blankets/Girls' Wearable Blankets",,,,
"Baby Products/Nursery/Beds, Cribs & Bedding/Bedding/Cradle Bedding",,,,
"Baby Products/Nursery/Beds, Cribs & Bedding/Bedding/Cradle Bedding/Bed Skirts",,,,
"Baby Products/Nursery/Beds, Cribs & Bedding/Bedding/Cradle Bedding/Bedding Sets",,,,
"Baby Products/Nursery/Beds, Cribs & Bedding/Bedding/Cradle Bedding/Bumpers",,,,
"Baby Products/Nursery/Beds, Cribs & Bedding/Bedding/Cradle Bedding/Mattress Pads",,,,
"Baby Products/Nursery/Beds, Cribs & Bedding/Bedding/Cradle Bedding/Sheets",,,,
"Baby Products/Nursery/Beds, Cribs & Bedding/Bedding/Cradle Bedding/Sheets/Fitted",,,,
"Baby Products/Nursery/Beds, Cribs & Bedding/Bedding/Crib Bedding",,,,
"Baby Products/Nursery/Beds, Cribs & Bedding/Bedding/Crib Bedding/Bed Skirts",,,,
"Baby Products/Nursery/Beds, Cribs & Bedding/Bedding/Crib Bedding/Bedding Sets",,,,
"Baby Products/Nursery/Beds, Cribs & Bedding/Bedding/Crib Bedding/Bumpers",,,,
"Baby Products/Nursery/Beds, Cribs & Bedding/Bedding/Crib Bedding/Crib Netting",,,,
"Baby Products/Nursery/Beds, Cribs & Bedding/Bedding/Crib Bedding/Mattress Pads",,,,
"Baby Products/Nursery/Beds, Cribs & Bedding/Bedding/Crib Bedding/Sheets",,,,
"Baby Products/Nursery/Beds, Cribs & Bedding/Bedding/Crib Bedding/Sheets/Fitted",,,,
"Baby Products/Nursery/Beds, Cribs & Bedding/Bedding/Gift Sets",,,,
"Baby Products/Nursery/Beds, Cribs & Bedding/Bedding/Pillow Protectors",,,,
"Baby Products/Nursery/Beds, Cribs & Bedding/Bedding/Pillowcases",,,,
"Baby Products/Nursery/Beds, Cribs & Bedding/Bedding/Pillows",,,,
"Baby Products/Nursery/Beds, Cribs & Bedding/Bedding/Playard Bedding",,,,
"Baby Products/Nursery/Beds, Cribs & Bedding/Bedding/Quilts & Bed Covers",,,,
"Baby Products/Nursery/Beds, Cribs & Bedding/Bedding/Toddler Bedding",,,,
"Baby Products/Nursery/Beds, Cribs & Bedding/Bedding/Toddler Bedding/Bed Skirts",,,,
"Baby Products/Nursery/Beds, Cribs & Bedding/Bedding/Toddler Bedding/Bedding Sets",,,,
"Baby Products/Nursery/Beds, Cribs & Bedding/Bedding/Toddler Bedding/Blankets",,,,
"Baby Products/Nursery/Beds, Cribs & Bedding/Bedding/Toddler Bedding/Duvet Covers",,,,
"Baby Products/Nursery/Beds, Cribs & Bedding/Bedding/Toddler Bedding/Duvets",,,,
"Baby Products/Nursery/Beds, Cribs & Bedding/Bedding/Toddler Bedding/Mattress Pads",,,,
"Baby Products/Nursery/Beds, Cribs & Bedding/Bedding/Toddler Bedding/Sheets",,,,
"Baby Products/Nursery/Beds, Cribs & Bedding/Cribs & Nursery Beds",,,,
"Baby Products/Nursery/Beds, Cribs & Bedding/Cribs & Nursery Beds/Bassinets",,,,
"Baby Products/Nursery/Beds, Cribs & Bedding/Cribs & Nursery Beds/Co-Sleeping Cribs",,,,
"Baby Products/Nursery/Beds, Cribs & Bedding/Cribs & Nursery Beds/Cradles",,,,
"Baby Products/Nursery/Beds, Cribs & Bedding/Cribs & Nursery Beds/Cribs",,,,
"Baby Products/Nursery/Beds, Cribs & Bedding/Cribs & Nursery Beds/Moses Baskets",,,,
"Baby Products/Nursery/Beds, Cribs & Bedding/Cribs & Nursery Beds/Portable Cribs",,,,
"Baby Products/Nursery/Beds, Cribs & Bedding/Cribs & Nursery Beds/Toddler Beds",,,,
"Baby Products/Nursery/Beds, Cribs & Bedding/Cribs & Nursery Beds/Travel Beds",,,,
"Baby Products/Nursery/Beds, Cribs & Bedding/Mattresses",,,,
"Baby Products/Nursery/Beds, Cribs & Bedding/Mattresses/Cradle Mattresses",,,,
"Baby Products/Nursery/Beds, Cribs & Bedding/Mattresses/Crib Mattresses",,,,
"Baby Products/Nursery/Beds, Cribs & Bedding/Mattresses/Portable Crib Mattresses",,,,
Baby Products/Nursery/Furniture,,,,
Baby Products/Nursery/Furniture/Changing & Dressing,,,,
Baby Products/Nursery/Furniture/Changing & Dressing/Armoires,,,,
Baby Products/Nursery/Furniture/Changing & Dressing/Changing Table Pads & Covers,,,,
Baby Products/Nursery/Furniture/Changing & Dressing/Changing Tables,,,,
Baby Products/Nursery/Furniture/Changing & Dressing/Chests & Dressers,,,,
Baby Products/Nursery/Furniture/Changing & Dressing/Chests & Dressers/Chests,,,,
Baby Products/Nursery/Furniture/Changing & Dressing/Chests & Dressers/Dressers,,,,
Baby Products/Nursery/Furniture/Changing & Dressing/Diaper Pails & Refills,,,,
Baby Products/Nursery/Furniture/Changing & Dressing/Diaper Stackers & Caddies,,,,
Baby Products/Nursery/Furniture/Changing & Dressing/Hampers,,,,
Baby Products/Nursery/Furniture/Furniture Collections,,,,
"Baby Products/Nursery/Furniture/Gliders, Ottomans & Rocking Chairs",,,,
"Baby Products/Nursery/Furniture/Gliders, Ottomans & Rocking Chairs/Glider & Ottoman Sets",,,,
"Baby Products/Nursery/Furniture/Gliders, Ottomans & Rocking Chairs/Gliders",,,,
"Baby Products/Nursery/Furniture/Gliders, Ottomans & Rocking Chairs/Ottomans",,,,
"Baby Products/Nursery/Furniture/Gliders, Ottomans & Rocking Chairs/Rocking Chairs",,,,
Baby Products/Nursery/Furniture/Storage & Organization,,,,
Baby Products/Nursery/Furniture/Storage & Organization/Baskets & Liners,,,,
Baby Products/Nursery/Furniture/Storage & Organization/Hampers,,,,
Baby Products/Nursery/Furniture/Storage & Organization/Hanging Organizers,,,,
Baby Products/Nursery/Furniture/Storage & Organization/Shelves,,,,
Baby Products/Nursery/Furniture/Storage & Organization/Step Stools,,,,
Baby Products/Nursery/Furniture/Storage & Organization/Storage Bins & Boxes,,,,
Baby Products/Nursery/Furniture/Storage & Organization/Toy Chests,,,,
Baby Products/Nursery/Furniture/Storage & Organization/Toy Organizers,,,,
Baby Products/Nursery/Nursery Decor,,,,
Baby Products/Nursery/Nursery Decor/Baskets & Liners,,,,
Baby Products/Nursery/Nursery Decor/Bookends,,,,
Baby Products/Nursery/Nursery Decor/Clocks,,,,
Baby Products/Nursery/Nursery Decor/Drawer Handles,,,,
Baby Products/Nursery/Nursery Decor/Gift Sets,,,,
Baby Products/Nursery/Nursery Decor/Lamps & Shades,,,,
Baby Products/Nursery/Nursery Decor/Lamps & Shades/Lamp Bases,,,,
Baby Products/Nursery/Nursery Decor/Lamps & Shades/Lamp Shades,,,,
Baby Products/Nursery/Nursery Decor/Lamps & Shades/Lamps,,,,
Baby Products/Nursery/Nursery Decor/Mirrors,,,,
Baby Products/Nursery/Nursery Decor/Mobiles,,,,
Baby Products/Nursery/Nursery Decor/Night Lights,,,,
Baby Products/Nursery/Nursery Decor/Picture Frames,,,,
Baby Products/Nursery/Nursery Decor/Pillows,,,,
Baby Products/Nursery/Nursery Decor/Rugs,,,,
Baby Products/Nursery/Nursery Decor/Sleep Soothers,,,,
Baby Products/Nursery/Nursery Decor/Switch Plates,,,,
Baby Products/Nursery/Nursery Decor/Teeth Boxes,,,,
Baby Products/Nursery/Nursery Decor/Wall Decor,,,,
Baby Products/Nursery/Nursery Decor/Wall Decor/Borders,,,,
Baby Products/Nursery/Nursery Decor/Wall Decor/Growth Charts,,,,
Baby Products/Nursery/Nursery Decor/Wall Decor/Letters & Numbers,,,,
Baby Products/Nursery/Nursery Decor/Wall Decor/Stickers,,,,
Baby Products/Nursery/Nursery Decor/Waste Bins,,,,
Baby Products/Nursery/Nursery Decor/Window Treatments,,,,
Baby Products/Nursery/Nursery Decor/Window Treatments/Curtains,,,,
Baby Products/Nursery/Nursery Decor/Window Treatments/Valances,,,,
Baby Products/Potty Training,,,,
Baby Products/Potty Training/Potties & Seats,,,,
Baby Products/Potty Training/Seat Covers,,,,
Baby Products/Potty Training/Step Stools,,,,
Baby Products/Potty Training/Training Pants,,,,
Baby Products/Potty Training/Travel Potties,,,,
Baby Products/Pregnancy & Maternity,,,,
Baby Products/Pregnancy & Maternity/Breastfeeding Pillows & Stools,,,,
Baby Products/Pregnancy & Maternity/Breastfeeding Pillows & Stools/Pillow Covers,,,,
Baby Products/Pregnancy & Maternity/Breastfeeding Pillows & Stools/Pillows,,,,
Baby Products/Pregnancy & Maternity/Breastfeeding Pillows & Stools/Stools,,,,
Baby Products/Pregnancy & Maternity/Family Planning Tests,,,,
Baby Products/Pregnancy & Maternity/Family Planning Tests/Fertility Charting,,,,
Baby Products/Pregnancy & Maternity/Family Planning Tests/Fertility Tests,,,,
Baby Products/Pregnancy & Maternity/Family Planning Tests/Male Fertility Tests,,,,
Baby Products/Pregnancy & Maternity/Family Planning Tests/Ovulation Tests,,,,
Baby Products/Pregnancy & Maternity/Family Planning Tests/Pregnancy Tests,,,,
Baby Products/Pregnancy & Maternity/Maternity Pillows,,,,
Baby Products/Pregnancy & Maternity/Prenatal Monitoring Devices,,,,
Baby Products/Safety,,,,
Baby Products/Safety/Bathroom Safety,,,,
Baby Products/Safety/Cabinet Locks & Straps,,,,
Baby Products/Safety/Crib Netting,,,,
Baby Products/Safety/Edge & Corner Guards,,,,
Baby Products/Safety/Electrical Safety,,,,
Baby Products/Safety/Gates & Doorways,,,,
Baby Products/Safety/Harnesses & Leashes,,,,
Baby Products/Safety/Kitchen Safety,,,,
Baby Products/Safety/Monitors,,,,
Baby Products/Safety/Outdoor Safety,,,,
Baby Products/Safety/Rails & Rail Guards,,,,
Baby Products/Safety/Safety Caps,,,,
Baby Products/Safety/Sleep Positioners,,,,
Baby Products/Strollers & Accessories,,,,
Baby Products/Strollers & Accessories/Accessories,,,,
Baby Products/Strollers & Accessories/Accessories/Bassinets & Carrycots,,,,
Baby Products/Strollers & Accessories/Accessories/Bunting Bags,,,,
Baby Products/Strollers & Accessories/Accessories/Handlebar Consoles,,,,
Baby Products/Strollers & Accessories/Accessories/Head Rests,,,,
Baby Products/Strollers & Accessories/Accessories/Insect Netting,,,,
Baby Products/Strollers & Accessories/Accessories/Organizers,,,,
Baby Products/Strollers & Accessories/Accessories/Parent Cup Holders,,,,
Baby Products/Strollers & Accessories/Accessories/Seat Liners,,,,
Baby Products/Strollers & Accessories/Accessories/Second Seats,,,,
Baby Products/Strollers & Accessories/Accessories/Snack Trays,,,,
Baby Products/Strollers & Accessories/Accessories/Storage & Organizers,,,,
Baby Products/Strollers & Accessories/Accessories/Storage & Organizers/Organizers,,,,
Baby Products/Strollers & Accessories/Accessories/Storage & Organizers/Storage,,,,
Baby Products/Strollers & Accessories/Accessories/Strap Covers,,,,
Baby Products/Strollers & Accessories/Accessories/Stroller Connectors,,,,
Baby Products/Strollers & Accessories/Accessories/Stroller Fans,,,,
Baby Products/Strollers & Accessories/Accessories/Stroller Hooks,,,,
Baby Products/Strollers & Accessories/Accessories/Stroller Toys,,,,
Baby Products/Strollers & Accessories/Accessories/Stroller Toys/Car Seat Toys,,,,
Baby Products/Strollers & Accessories/Accessories/Stroller Toys/Stroller Toys,,,,
Baby Products/Strollers & Accessories/Accessories/Sun Protection,,,,
Baby Products/Strollers & Accessories/Accessories/Travel Carry Bags,,,,
Baby Products/Strollers & Accessories/Accessories/Weather Shields,,,,
Baby Products/Strollers & Accessories/Replacement Parts,,,,
Baby Products/Strollers & Accessories/Replacement Parts/Bumper Bars,,,,
Baby Products/Strollers & Accessories/Replacement Parts/Canopies,,,,
Baby Products/Strollers & Accessories/Replacement Parts/Car Seat Adapters,,,,
Baby Products/Strollers & Accessories/Replacement Parts/Front & Middle Seats,,,,
Baby Products/Strollers & Accessories/Replacement Parts/Front Wheels & Assemblies,,,,
Baby Products/Strollers & Accessories/Replacement Parts/Harnesses & Straps,,,,
Baby Products/Strollers & Accessories/Replacement Parts/Inner Tubes & Tires,,,,
Baby Products/Strollers & Accessories/Replacement Parts/Rear Wheels,,,,
Baby Products/Strollers & Accessories/Replacement Parts/Restraining Straps,,,,
Baby Products/Strollers & Accessories/Replacement Parts/Stroller Boards,,,,
Baby Products/Strollers & Accessories/Replacement Parts/Stroller Connectors,,,,
Baby Products/Strollers & Accessories/Strollers,,,,
Baby Products/Strollers & Accessories/Strollers/Car Seat Carriers,,,,
Baby Products/Strollers & Accessories/Strollers/Joggers,,,,
Baby Products/Strollers & Accessories/Strollers/Lightweight,,,,
Baby Products/Strollers & Accessories/Strollers/Special Needs,,,,
Baby Products/Strollers & Accessories/Strollers/Standard,,,,
Baby Products/Strollers & Accessories/Strollers/Travel Systems,,,,
3-in-1 Child Safety Car Seats,,,,
3-in-1 Child Safety Car Seats,,,,
3-in-1 Child Safety Car Seats,,,,
3-in-1 Child Safety Car Seats,,,,
Auto Seat Back Kick Protectors,,,,
Baby & Toddler Feeding  Supplies,,,,
Baby & Toddler Toys,,,,
Baby Activity Centers & Entertainers,,,,
Baby Activity Play Centers,,,,
"Baby Albums, Frames & Journals",,,,
"Baby Albums, Frames & Journals",,,,
Baby Aromatherapy,,,,
Baby Bar Soaps,,,,
Baby Bath & Hooded Towels,,,,
Baby Bathing & Skin Care,,,,
Baby Bathing Tubs & Seats,,,,
Baby Beverages,,,,
Baby Beverages,,,,
Baby Beverages,,,,
Baby Beverages,,,,
Baby Bibs,,,,
Baby Bibs & Burp Cloths,,,,
Baby Bibs & Burp Cloths Sets,,,,
Baby Birth Announcements,,,,
Baby Block Toys,,,,
Baby Body Wash,,,,
Baby Bottle Accessories,,,,
Baby Bottle Accessories,,,,
Baby Bottle Accessories,,,,
Baby Bottle Accessories,,,,
Baby Bottle Nipples,,,,
Baby Bottle Nipples,,,,
Baby Bottle Nipples,,,,
Baby Bottle Nipples,,,,
Baby Bottle Sterilizers & Warmers,,,,
Baby Bottle Sterilizers & Warmers,,,,
Baby Bottle Sterilizers & Warmers,,,,
Baby Bottle Sterilizers & Warmers,,,,
Baby Bottle Tote Bags,,,,
Baby Bottle Tote Bags,,,,
Baby Bottle Tote Bags,,,,
Baby Bottle Tote Bags,,,,
Baby Bottle-Feeding Supplies,,,,
Baby Bottle-Feeding Supplies,,,,
Baby Bottle-Feeding Supplies,,,,
Baby Bottle-Feeding Supplies,,,,
Baby Bottles,,,,
Baby Bottles,,,,
Baby Bottles,,,,
Baby Bottles,,,,
Baby Boys' Bibs,,,,
Baby Boys' Burp Cloths,,,,
Baby Boys' Wearable Blankets,,,,
Baby Boys' Wearable Blankets,,,,
Baby Boys' Wearable Blankets,,,,
Baby Boys' Wearable Blankets,,,,
Baby Boys' Wearable Blankets,,,,
Baby Bubble Bath,,,,
Baby Burp Cloths,,,,
Baby Car Seat Toys,,,,
Baby Car Toys & Stroller Toys,,,,
Baby Care Gift Sets,,,,
Baby Cereal,,,,
Baby Cereal,,,,
Baby Cereal,,,,
Baby Cereal,,,,
Baby Colic & Gas Relief,,,,
Baby Crackers & Biscuits,,,,
Baby Crackers & Biscuits,,,,
Baby Crackers & Biscuits,,,,
Baby Crackers & Biscuits,,,,
Baby Cribs,,,,
Baby Cribs,,,,
Baby Cribs,,,,
Baby Cribs,,,,
Baby Cribs,,,,
Baby Cribs,,,,
Baby Cribs,,,,
Baby Cribs,,,,
Baby Cribs,,,,
Baby Cribs,,,,
Baby Cribs,,,,
Baby Diapering Gift Sets,,,,
Baby Diapering Products,,,,
Baby Doorway Jumpers,,,,
Baby Feeding Gift Sets,,,,
Baby Feeding Gift Sets,,,,
Baby Foaming Soaps,,,,
Baby Food - Dinners,,,,
Baby Food - Dinners,,,,
Baby Food - Dinners,,,,
Baby Food - Dinners,,,,
Baby Food Fruit,,,,
Baby Food Fruit,,,,
Baby Food Fruit,,,,
Baby Food Fruit,,,,
Baby Food Meals,,,,
Baby Food Meals,,,,
Baby Food Meals,,,,
Baby Food Meals,,,,
Baby Food Meat,,,,
Baby Food Meat,,,,
Baby Food Meat,,,,
Baby Food Meat,,,,
Baby Food Mills,,,,
Baby Food Storage Containers,,,,
Baby Food Vegetables,,,,
Baby Food Vegetables,,,,
Baby Food Vegetables,,,,
Baby Food Vegetables,,,,
Baby Foods,,,,
Baby Foods,,,,
Baby Foods,,,,
Baby Foods,,,,
Baby Formula,,,,
Baby Formula,,,,
Baby Formula,,,,
Baby Formula,,,,
Baby Formula Dispensers & Mixers,,,,
Baby Formula Dispensers & Mixers,,,,
Baby Formula Dispensers & Mixers,,,,
Baby Formula Dispensers & Mixers,,,,
Baby Gear,,,,
Baby Gift Baskets,,,,
Baby Gift Baskets,,,,
Baby Gift Sets,,,,
Baby Gift Sets,,,,
Baby Gifts,,,,
Baby Gifts,,,,
Baby Girls' Bibs,,,,
Baby Girls' Burp Cloths,,,,
Baby Girls' Wearable Blankets,,,,
Baby Girls' Wearable Blankets,,,,
Baby Girls' Wearable Blankets,,,,
Baby Girls' Wearable Blankets,,,,
Baby Girls' Wearable Blankets,,,,
Baby Grooming & Health Kits,,,,
Baby Gyms & Playmats,,,,
Baby Hair Conditioners,,,,
Baby Hand & Feet Finder Toys,,,,
Baby Hand & Footprint Makers,,,,
Baby Hand & Footprint Makers,,,,
Baby Health & Care Products,,,,
Baby Highchairs,,,,
Baby Hypoallergenic Cleansers,,,,
Baby Invitations,,,,
Baby Journals,,,,
Baby Journals,,,,
Baby Keepsake Boxes & Tins,,,,
Baby Keepsake Boxes & Tins,,,,
Baby Keepsake Frames,,,,
Baby Keepsake Frames,,,,
Baby Keepsake Products,,,,
Baby Keepsake Products,,,,
Baby Keepsake Rattles,,,,
Baby Keepsake Rattles,,,,
Baby Lotions,,,,
Baby Mirror Toys,,,,
Baby Monitors,,,,
Baby Monitors,,,,
Baby Monitors,,,,
Baby Monitors,,,,
Baby Monitors,,,,
Baby Monitors,,,,
Baby Monitors,,,,
Baby Monitors,,,,
Baby Monitors,,,,
Baby Monitors,,,,
Baby Monitors,,,,
Baby Monitors,,,,
Baby Musical Toys,,,,
Baby Nail Care,,,,
Baby Nasal Aspirators,,,,
Baby No-Rinse Cleansers,,,,
Baby No-Slip Bath Mats,,,,
Baby Oils,,,,
Baby Pacifiers,,,,
Baby Pacifiers,,,,
Baby Photo Albums,,,,
Baby Photo Albums,,,,
Baby Place Mats,,,,
Baby Place Mats,,,,
Baby Place Mats,,,,
Baby Place Mats,,,,
Baby Playards,,,,
Baby Playards,,,,
Baby Playards,,,,
Baby Powders,,,,
Baby Rattles,,,,
Baby Rattles,,,,
Baby Safety Products,,,,
Baby Shampoo,,,,
Baby Shape & Color Recognition Toys,,,,
Baby Shopping Cart Seat Covers,,,,
Baby Skin Care,,,,
Baby Sleep Positioners,,,,
Baby Sleep Soothers,,,,
Baby Sleep Soothers,,,,
Baby Sleep Soothers,,,,
Baby Sleep Soothers,,,,
Baby Snack Foods,,,,
Baby Snack Foods,,,,
Baby Snack Foods,,,,
Baby Snack Foods,,,,
Baby Soaps & Cleansers,,,,
Baby Stationery,,,,
Baby Stroller Attachable Storage,,,,
Baby Stroller Attachable Storage & Organization,,,,
Baby Stroller Bassinets & Carrycots,,,,
Baby Stroller Boards,,,,
Baby Stroller Bumper Bars,,,,
Baby Stroller Bunting Bags,,,,
Baby Stroller Canopies,,,,
Baby Stroller Car Seat Adapters,,,,
Baby Stroller Connectors,,,,
Baby Stroller Cooling Fans,,,,
Baby Stroller Front & Middle Seats,,,,
Baby Stroller Front Wheels & Assemblies,,,,
Baby Stroller Handlebar Consoles,,,,
Baby Stroller Harnesses & Straps,,,,
Baby Stroller Head Rests,,,,
Baby Stroller Hooks,,,,
Baby Stroller Inner Tubes & Tires,,,,
Baby Stroller Insect Netting,,,,
Baby Stroller Organizers,,,,
Baby Stroller Parent Cup Holders,,,,
Baby Stroller Rear Wheels,,,,
Baby Stroller Replacement Parts,,,,
Baby Stroller Restraining Straps,,,,
Baby Stroller Seat Liners,,,,
Baby Stroller Second Seats,,,,
Baby Stroller Snack Trays,,,,
Baby Stroller Strap Covers,,,,
Baby Stroller Sun Protection,,,,
Baby Stroller Toys,,,,
Baby Stroller Travel Carry Bags,,,,
Baby Stroller Travel Systems,,,,
Baby Stroller Travel Systems,,,,
Baby Stroller Travel Systems,,,,
Baby Stroller Travel Systems,,,,
Baby Stroller Travel Systems,,,,
Baby Stroller Travel Systems,,,,
Baby Stroller Weather Shields,,,,
Baby Strollers,,,,
Baby Strollers,,,,
Baby Strollers,,,,
Baby Strollers,,,,
Baby Strollers,,,,
Baby Strollers,,,,
Baby Strollers & Accessories,,,,
Baby Sun Protection,,,,
"Baby Swings, Jumpers & Bouncers",,,,
Baby Teether Toys,,,,
Baby Teething Relief,,,,
Baby Thank You Cards,,,,
Baby Thermometers,,,,
Baby Toothbrushes,,,,
Baby Toy Banks,,,,
Baby Toy Banks,,,,
Baby Toy Gift Sets,,,,
Baby Toy Gift Sets,,,,
Baby Training Toothpaste,,,,
Baby Travel Bathing Kits,,,,
Baby Vitamins,,,,
Baby Walkers,,,,
Baby Washcloths & Towels,,,,
Baby Washcloths & Wash Gloves,,,,
Baby Wearable Blankets,,,,
Baby Wearable Blankets,,,,
Baby Wearable Blankets,,,,
Baby Wearable Blankets,,,,
Baby Wearable Blankets,,,,
Balls for Babies & Toddlers,,,,
Bassinet Bed Skirts,,,,
Bassinet Bed Skirts,,,,
Bassinet Bed Skirts,,,,
Bassinet Bed Skirts,,,,
Bassinet Bed Skirts,,,,
Bassinet Bedding,,,,
Bassinet Bedding,,,,
Bassinet Bedding,,,,
Bassinet Bedding,,,,
Bassinet Bedding,,,,
Bassinet Bedding Sets,,,,
Bassinet Bedding Sets,,,,
Bassinet Bedding Sets,,,,
Bassinet Bedding Sets,,,,
Bassinet Bedding Sets,,,,
Bassinet Bumpers,,,,
Bassinet Bumpers,,,,
Bassinet Bumpers,,,,
Bassinet Bumpers,,,,
Bassinet Bumpers,,,,
Bassinet Mattress Pads,,,,
Bassinet Mattress Pads,,,,
Bassinet Mattress Pads,,,,
Bassinet Mattress Pads,,,,
Bassinet Mattress Pads,,,,
Bassinet Sheets,,,,
Bassinet Sheets,,,,
Bassinet Sheets,,,,
Bassinet Sheets,,,,
Bassinet Sheets,,,,
Bassinets,,,,
Bassinets,,,,
Bassinets,,,,
Bassinets,,,,
Bassinets,,,,
Bathtub Toys,,,,
Bike Child Seats,,,,
Bike Child Seats,,,,
Bottle Safety Caps,,,,
Breast Feeding Pillow Covers,,,,
Breast Feeding Pillows,,,,
Breast Feeding Pillows & Stools,,,,
Breast Feeding Stools,,,,
Breast Pump Accessories,,,,
Breast Pump Accessories,,,,
Breast Pumps,,,,
Breast Pumps,,,,
Breast Shells & Nipple Therapy Products,,,,
Breast Shells & Nipple Therapy Products,,,,
Breastfeeding Supplies,,,,
Breastfeeding Supplies,,,,
Cabinet Locks & Straps,,,,
Car Seat Adapters,,,,
Car Seat Angle Adjusters,,,,
Car Seat Attachable Storage & Organizers,,,,
Car Seat Automotive Seat Protector,,,,
Car Seat Canopies & Covers,,,,
Car Seat Carrier Strollers,,,,
Car Seat Carrier Strollers,,,,
Car Seat Carrier Strollers,,,,
Car Seat Carrier Strollers,,,,
Car Seat Carrier Strollers,,,,
Car Seat Carrier Strollers,,,,
Car Seat Chest & Harness Clips,,,,
Car Seat Cup Holders,,,,
Car Seat Cushions,,,,
Car Seat Foot Rests,,,,
Car Seat Head & Body Supports,,,,
Car Seat Liners,,,,
Car Seat Strap & Belt Covers,,,,
Car Seat Sun Protection,,,,
Car Seat Travel Bags,,,,
Car Seat Travel Bags & Carts,,,,
Car Seat Travel Carts,,,,
Car Seats,,,,
Car Seats,,,,
Car Seats,,,,
Car Seats,,,,
Child Carrier Accessories,,,,
Child Carrier Accessories,,,,
Child Carrier Backpacks,,,,
Child Carrier Backpacks,,,,
Child Carrier Camping Backpacks,,,,
Child Carrier Camping Backpacks,,,,
Child Carrier Products,,,,
Child Carrier Products,,,,
Child Carrier Slings,,,,
Child Carrier Slings,,,,
Child Safety Booster Car Seats,,,,
Child Safety Booster Car Seats,,,,
Child Safety Booster Car Seats,,,,
Child Safety Booster Car Seats,,,,
Child Safety Car Seat Accessories,,,,
Child Safety Car Seat Bases,,,,
Child Safety Car Seat Bases,,,,
Child Safety Car Seats & Accessories,,,,
Christening Gifts & Gowns,,,,
Christening Gifts & Gowns,,,,
Cloth Diaper Accessories,,,,
Cloth Diaper Covers,,,,
Cloth Diaper Covers,,,,
Cloth Diaper Laundry Detergent,,,,
Cloth Diaper Sprayers,,,,
Cloth Diaper Wet Bags,,,,
Cloth Diapers,,,,
Cloth Diapers,,,,
Co-Sleeping Cribs,,,,
Co-Sleeping Cribs,,,,
Co-Sleeping Cribs,,,,
Co-Sleeping Cribs,,,,
Co-Sleeping Cribs,,,,
Convertible Child Safety Car Seats,,,,
Convertible Child Safety Car Seats,,,,
Convertible Child Safety Car Seats,,,,
Convertible Child Safety Car Seats,,,,
Cradle Bed Skirts,,,,
Cradle Bed Skirts,,,,
Cradle Bed Skirts,,,,
Cradle Bed Skirts,,,,
Cradle Bed Skirts,,,,
Cradle Bedding,,,,
Cradle Bedding,,,,
Cradle Bedding,,,,
Cradle Bedding,,,,
Cradle Bedding,,,,
Cradle Bedding Sets,,,,
Cradle Bedding Sets,,,,
Cradle Bedding Sets,,,,
Cradle Bedding Sets,,,,
Cradle Bedding Sets,,,,
Cradle Bumpers,,,,
Cradle Bumpers,,,,
Cradle Bumpers,,,,
Cradle Bumpers,,,,
Cradle Bumpers,,,,
Cradle Mattress Pads,,,,
Cradle Mattress Pads,,,,
Cradle Mattress Pads,,,,
Cradle Mattress Pads,,,,
Cradle Mattress Pads,,,,
Cradle Mattresses,,,,
Cradle Mattresses,,,,
Cradle Sheets,,,,
Cradle Sheets,,,,
Cradle Sheets,,,,
Cradle Sheets,,,,
Cradle Sheets,,,,
Cradles,,,,
Cradles,,,,
Cradles,,,,
Cradles,,,,
Cradles,,,,
Crib Bed Skirts,,,,
Crib Bed Skirts,,,,
Crib Bed Skirts,,,,
Crib Bed Skirts,,,,
Crib Bed Skirts,,,,
Crib Bedding,,,,
Crib Bedding,,,,
Crib Bedding,,,,
Crib Bedding,,,,
Crib Bedding,,,,
Crib Bedding Bumpers,,,,
Crib Bedding Bumpers,,,,
Crib Bedding Bumpers,,,,
Crib Bedding Bumpers,,,,
Crib Bedding Bumpers,,,,
Crib Bedding Sets,,,,
Crib Bedding Sets,,,,
Crib Bedding Sets,,,,
Crib Bedding Sets,,,,
Crib Bedding Sets,,,,
Crib Mattress Pads,,,,
Crib Mattress Pads,,,,
Crib Mattress Pads,,,,
Crib Mattress Pads,,,,
Crib Mattress Pads,,,,
Crib Mattresses,,,,
Crib Mattresses,,,,
Crib Netting,,,,
Crib Netting,,,,
Crib Netting,,,,
Crib Netting,,,,
Crib Netting,,,,
Crib Sheets,,,,
Crib Sheets,,,,
Crib Sheets,,,,
Crib Sheets,,,,
Crib Sheets,,,,
Crib Toys & Musical Mobiles,,,,
Diaper Bags,,,,
Diaper Bags,,,,
Diaper Changing Kits,,,,
Diaper Changing Kits,,,,
Diaper Changing Kits,,,,
Diaper Changing Table Covers & Pads,,,,
Diaper Changing Table Covers & Pads,,,,
Diaper Changing Tables,,,,
Diaper Changing Tables,,,,
Diaper Changing Tables,,,,
Diaper Changing Tables,,,,
Diaper Creams,,,,
Diaper Fasteners,,,,
Diaper Liners,,,,
Diaper Pails & Refills,,,,
Diaper Pins & Fasteners,,,,
Diaper Stackers & Caddies,,,,
Diaper Stackers & Caddies,,,,
Diaper Stackers & Caddies,,,,
Diaper Wipe Holders,,,,
Diaper Wipe Warmers,,,,
Diaper Wipes & Accessories,,,,
Diaper Wipes & Refills,,,,
Disposable Diapers,,,,
Disposable Diapers,,,,
Electric Double Breast Pumps,,,,
Electric Double Breast Pumps,,,,
Electric Single Breast Pumps,,,,
Electric Single Breast Pumps,,,,
Electrical Safety Baby Products,,,,
Electronic Baby Toys,,,,
Fertility Charting Products,,,,
Fertility Tests & Indicators,,,,
Fitted Bassinet Sheets,,,,
Fitted Bassinet Sheets,,,,
Fitted Bassinet Sheets,,,,
Fitted Bassinet Sheets,,,,
Fitted Bassinet Sheets,,,,
Fitted Cradle Sheets,,,,
Fitted Cradle Sheets,,,,
Fitted Cradle Sheets,,,,
Fitted Cradle Sheets,,,,
Fitted Cradle Sheets,,,,
Fitted Crib Sheets,,,,
Fitted Crib Sheets,,,,
Fitted Crib Sheets,,,,
Fitted Crib Sheets,,,,
Fitted Crib Sheets,,,,
Furniture Corner & Edge Safety Bumpers,,,,
"Glider Chairs, Ottomans, & Rocking Chairs",,,,
"Glider Chairs, Ottomans, & Rocking Chairs",,,,
"Glider Chairs, Ottomans, & Rocking Chairs",,,,
"Glider Chairs, Ottomans, & Rocking Chairs",,,,
Hammering & Pounding Toys,,,,
Highchairs & Booster Seat Accessories,,,,
Highchairs & Booster Seats,,,,
Home Family Planning Tests,,,,
Hook-on & Booster Seats,,,,
Humidifier Absorption Sleeves,,,,
Humidifier Absorption Sleeves,,,,
Humidifier Accessories,,,,
Humidifier Accessories,,,,
Humidifier Chemicals,,,,
Humidifier Chemicals,,,,
Humidifier Humidity Meters,,,,
Humidifier Humidity Meters,,,,
Humidifier Parts & Accessories,,,,
Humidifier Parts & Accessories,,,,
Humidifier Replacement Belts,,,,
Humidifier Replacement Belts,,,,
Humidifier Replacement Filters,,,,
Humidifier Replacement Filters,,,,
Humidifier Replacement Parts,,,,
Humidifier Replacement Parts,,,,
Humidifier Replacement Wicks,,,,
Humidifier Replacement Wicks,,,,
Humidifiers,,,,
Humidifiers,,,,
Indoor Safety Gates,,,,
Indoor Safety Gates,,,,
Indoor Safety Gates,,,,
Indoor Safety Gates,,,,
Indoor Safety Gates,,,,
Infant Bouncers & Rockers,,,,
Infant Floor Seats & Loungers,,,,
Infant Safety Car Beds,,,,
Infant Safety Car Seats,,,,
Infant Safety Car Seats,,,,
Infant Safety Car Seats,,,,
Infant Safety Car Seats,,,,
Jogger Baby Strollers,,,,
Jogger Baby Strollers,,,,
Jogger Baby Strollers,,,,
Jogger Baby Strollers,,,,
Jogger Baby Strollers,,,,
Jogger Baby Strollers,,,,
Kids' Bathroom Safety Products,,,,
Kids' Bed Safety Rails & Crib Rail Covers,,,,
Kids' Indoor Climbers & Play Structures,,,,
Kids' Outdoor Safety Products,,,,
Kids' Rocking & Spring Ride-Ons,,,,
Kids' Stick Horses,,,,
Lightweight Baby Strollers,,,,
Lightweight Baby Strollers,,,,
Lightweight Baby Strollers,,,,
Lightweight Baby Strollers,,,,
Lightweight Baby Strollers,,,,
Lightweight Baby Strollers,,,,
Male Fertility Tests,,,,
Manual Breast Pumps,,,,
Manual Breast Pumps,,,,
Maternity Pillows,,,,
Moses Baskets,,,,
Moses Baskets,,,,
Moses Baskets,,,,
Moses Baskets,,,,
Moses Baskets,,,,
Moses Baskets,,,,
Moses Baskets,,,,
Nursery Armoires,,,,
Nursery Armoires,,,,
Nursery Armoires,,,,
Nursery Armoires,,,,
Nursery Baskets & Liners,,,,
Nursery Baskets & Liners,,,,
Nursery Baskets & Liners,,,,
Nursery Baskets & Liners,,,,
Nursery Bed Blankets,,,,
Nursery Bed Blankets,,,,
Nursery Bed Blankets,,,,
Nursery Bed Blankets,,,,
Nursery Bed Blankets,,,,
Nursery Bed Mattresses,,,,
Nursery Bed Mattresses,,,,
Nursery Bed Rails,,,,
Nursery Bed Rails,,,,
Nursery Bedding,,,,
Nursery Bedding,,,,
Nursery Bedding,,,,
Nursery Bedding,,,,
Nursery Bedding,,,,
Nursery Bedding Gift Sets,,,,
Nursery Bedding Gift Sets,,,,
Nursery Bedding Gift Sets,,,,
Nursery Bedding Gift Sets,,,,
Nursery Bedding Gift Sets,,,,
"Nursery Beds, Cribs & Bedding",,,,
Nursery Bins & Boxes,,,,
Nursery Bins & Boxes,,,,
Nursery Bins & Boxes,,,,
Nursery Bins & Boxes,,,,
Nursery Bins & Boxes,,,,
Nursery Bins & Boxes,,,,
Nursery Blankets,,,,
Nursery Blankets,,,,
Nursery Blankets,,,,
Nursery Blankets,,,,
Nursery Blankets,,,,
Nursery Bookends,,,,
Nursery Bookends,,,,
Nursery Bookends,,,,
Nursery Bookends,,,,
Nursery Changing & Dressing Furniture,,,,
Nursery Changing & Dressing Furniture,,,,
Nursery Changing & Dressing Furniture,,,,
Nursery Chests,,,,
Nursery Chests,,,,
Nursery Chests,,,,
Nursery Chests,,,,
Nursery Chests & Dressers,,,,
Nursery Chests & Dressers,,,,
Nursery Chests & Dressers,,,,
Nursery Chests & Dressers,,,,
Nursery Clocks,,,,
Nursery Clocks,,,,
Nursery Clocks,,,,
Nursery Clocks,,,,
Nursery Curtains,,,,
Nursery Curtains,,,,
Nursery Curtains,,,,
Nursery Curtains,,,,
Nursery Decor,,,,
Nursery Decor,,,,
Nursery Decor,,,,
Nursery Decor,,,,
Nursery Drawer Handles,,,,
Nursery Drawer Handles,,,,
Nursery Drawer Handles,,,,
Nursery Drawer Handles,,,,
Nursery Dressers,,,,
Nursery Dressers,,,,
Nursery Dressers,,,,
Nursery Dressers,,,,
Nursery Décor Gift Sets,,,,
Nursery Décor Gift Sets,,,,
Nursery Décor Gift Sets,,,,
Nursery Décor Gift Sets,,,,
Nursery Furniture,,,,
Nursery Furniture,,,,
Nursery Furniture,,,,
Nursery Furniture Collections,,,,
Nursery Furniture Collections,,,,
Nursery Furniture Collections,,,,
Nursery Furniture Collections,,,,
"Nursery Furniture, Bedding & Décor",,,,
Nursery Glider & Ottoman Sets,,,,
Nursery Glider & Ottoman Sets,,,,
Nursery Glider & Ottoman Sets,,,,
Nursery Glider & Ottoman Sets,,,,
Nursery Gliders,,,,
Nursery Gliders,,,,
Nursery Gliders,,,,
Nursery Gliders,,,,
Nursery Gliding Ottomans,,,,
Nursery Gliding Ottomans,,,,
Nursery Gliding Ottomans,,,,
Nursery Gliding Ottomans,,,,
Nursery Growth Charts,,,,
Nursery Growth Charts,,,,
Nursery Growth Charts,,,,
Nursery Growth Charts,,,,
Nursery Hampers,,,,
Nursery Hampers,,,,
Nursery Hampers,,,,
Nursery Hampers,,,,
Nursery Hampers,,,,
Nursery Hampers,,,,
Nursery Hanging Organizers,,,,
Nursery Hanging Organizers,,,,
Nursery Hanging Organizers,,,,
Nursery Hanging Organizers,,,,
Nursery Lamp Bases,,,,
Nursery Lamp Bases,,,,
Nursery Lamp Bases,,,,
Nursery Lamp Bases,,,,
Nursery Lamp Shades,,,,
Nursery Lamp Shades,,,,
Nursery Lamp Shades,,,,
Nursery Lamp Shades,,,,
Nursery Lamps,,,,
Nursery Lamps,,,,
Nursery Lamps,,,,
Nursery Lamps,,,,
Nursery Lamps,,,,
Nursery Lamps,,,,
Nursery Lamps,,,,
Nursery Lamps,,,,
Nursery Mirrors,,,,
Nursery Mirrors,,,,
Nursery Mirrors,,,,
Nursery Mirrors,,,,
Nursery Mobiles,,,,
Nursery Mobiles,,,,
Nursery Mobiles,,,,
Nursery Mobiles,,,,
Nursery Night Lights,,,,
Nursery Night Lights,,,,
Nursery Night Lights,,,,
Nursery Night Lights,,,,
Nursery Picture Frames,,,,
Nursery Picture Frames,,,,
Nursery Picture Frames,,,,
Nursery Picture Frames,,,,
Nursery Pillow Protectors,,,,
Nursery Pillow Protectors,,,,
Nursery Pillow Protectors,,,,
Nursery Pillow Protectors,,,,
Nursery Pillow Protectors,,,,
Nursery Pillowcases,,,,
Nursery Pillowcases,,,,
Nursery Pillowcases,,,,
Nursery Pillowcases,,,,
Nursery Pillowcases,,,,
Nursery Pillows,,,,
Nursery Pillows,,,,
Nursery Pillows,,,,
Nursery Pillows,,,,
Nursery Quilts & Bed Covers,,,,
Nursery Quilts & Bed Covers,,,,
Nursery Quilts & Bed Covers,,,,
Nursery Quilts & Bed Covers,,,,
Nursery Quilts & Bed Covers,,,,
Nursery Receiving Blankets,,,,
Nursery Receiving Blankets,,,,
Nursery Receiving Blankets,,,,
Nursery Receiving Blankets,,,,
Nursery Receiving Blankets,,,,
Nursery Rocking Chairs,,,,
Nursery Rocking Chairs,,,,
Nursery Rocking Chairs,,,,
Nursery Rocking Chairs,,,,
Nursery Rugs,,,,
Nursery Rugs,,,,
Nursery Rugs,,,,
Nursery Rugs,,,,
Nursery Rugs,,,,
Nursery Shelves,,,,
Nursery Shelves,,,,
Nursery Shelves,,,,
Nursery Shelves,,,,
Nursery Step Stools,,,,
Nursery Step Stools,,,,
Nursery Step Stools,,,,
Nursery Step Stools,,,,
Nursery Storage & Organization Products,,,,
Nursery Storage & Organization Products,,,,
Nursery Storage & Organization Products,,,,
Nursery Storage & Organization Products,,,,
Nursery Swaddling Blankets,,,,
Nursery Swaddling Blankets,,,,
Nursery Swaddling Blankets,,,,
Nursery Swaddling Blankets,,,,
Nursery Swaddling Blankets,,,,
Nursery Switch Plates,,,,
Nursery Switch Plates,,,,
Nursery Switch Plates,,,,
Nursery Switch Plates,,,,
Nursery Teeth Boxes,,,,
Nursery Teeth Boxes,,,,
Nursery Teeth Boxes,,,,
Nursery Teeth Boxes,,,,
Nursery Toy Organizers,,,,
Nursery Toy Organizers,,,,
Nursery Toy Organizers,,,,
Nursery Toy Organizers,,,,
Nursery Travel Beds,,,,
Nursery Travel Beds,,,,
Nursery Travel Beds,,,,
Nursery Travel Beds,,,,
Nursery Travel Beds,,,,
Nursery Valances,,,,
Nursery Valances,,,,
Nursery Valances,,,,
Nursery Valances,,,,
Nursery Wall Borders,,,,
Nursery Wall Borders,,,,
Nursery Wall Borders,,,,
Nursery Wall Borders,,,,
Nursery Wall Decor,,,,
Nursery Wall Decor,,,,
Nursery Wall Decor,,,,
Nursery Wall Decor,,,,
Nursery Wall Letters & Numbers,,,,
Nursery Wall Letters & Numbers,,,,
Nursery Wall Letters & Numbers,,,,
Nursery Wall Letters & Numbers,,,,
Nursery Wall Stickers,,,,
Nursery Wall Stickers,,,,
Nursery Wall Stickers,,,,
Nursery Wall Stickers,,,,
Nursery Waste Bins,,,,
Nursery Waste Bins,,,,
Nursery Waste Bins,,,,
Nursery Waste Bins,,,,
Nursery Window Treatments,,,,
Nursery Window Treatments,,,,
Nursery Window Treatments,,,,
Nursery Window Treatments,,,,
Nursing Pads,,,,
Nursing Pads,,,,
Ovulation Tests,,,,
Pacifier Leashes & Cases,,,,
Pacifier Leashes & Cases,,,,
Pacifiers & Soothers,,,,
Pacifiers & Soothers,,,,
Playard Bedding,,,,
Playard Bedding,,,,
Playard Bedding,,,,
Playard Bedding,,,,
Playard Bedding,,,,
Portable Changing Pads,,,,
Portable Crib Mattresses,,,,
Portable Crib Mattresses,,,,
Portable Cribs,,,,
Portable Cribs,,,,
Portable Cribs,,,,
Portable Cribs,,,,
Portable Cribs,,,,
Pregnancy & Maternity Products,,,,
Pregnancy Tests,,,,
Prenatal Monitoring Devices,,,,
Privacy Nursing Covers,,,,
Privacy Nursing Covers,,,,
Push & Pull Baby Toys,,,,
Rear Facing Car Seat Mirrors,,,,
Reusable Lunch Bags,,,,
Reusable Lunch Bags,,,,
Reusable Lunch Bags,,,,
Reusable Lunch Bags,,,,
Rocking Ride-Ons,,,,
Silver Baby Spoons,,,,
Silver Baby Spoons,,,,
Single Room Humidifiers,,,,
Single Room Humidifiers,,,,
Soft Baby Carriers,,,,
Soft Baby Carriers,,,,
Special Needs Child Strollers,,,,
Special Needs Child Strollers,,,,
Special Needs Child Strollers,,,,
Special Needs Child Strollers,,,,
Special Needs Child Strollers,,,,
Special Needs Child Strollers,,,,
Spinning Tops,,,,
Spring Ride-Ons,,,,
Stacking & Nesting Baby Toys,,,,
Standard Baby Strollers,,,,
Standard Baby Strollers,,,,
Standard Baby Strollers,,,,
Standard Baby Strollers,,,,
Standard Baby Strollers,,,,
Standard Baby Strollers,,,,
Stationary Baby Swings,,,,
Stove Safety Covers & Appliance Latches,,,,
Stroller Accessories,,,,
Teaching Clocks,,,,
Teethers & Teething Relief,,,,
Toddler Bed Skirts,,,,
Toddler Bed Skirts,,,,
Toddler Bed Skirts,,,,
Toddler Bed Skirts,,,,
Toddler Bed Skirts,,,,
Toddler Bedding,,,,
Toddler Bedding,,,,
Toddler Bedding,,,,
Toddler Bedding,,,,
Toddler Bedding,,,,
Toddler Bedding Duvet Covers,,,,
Toddler Bedding Duvet Covers,,,,
Toddler Bedding Duvet Covers,,,,
Toddler Bedding Duvet Covers,,,,
Toddler Bedding Duvet Covers,,,,
Toddler Bedding Duvets,,,,
Toddler Bedding Duvets,,,,
Toddler Bedding Duvets,,,,
Toddler Bedding Duvets,,,,
Toddler Bedding Duvets,,,,
Toddler Bedding Sets,,,,
Toddler Bedding Sets,,,,
Toddler Bedding Sets,,,,
Toddler Bedding Sets,,,,
Toddler Bedding Sets,,,,
Toddler Beds,,,,
Toddler Beds,,,,
Toddler Beds,,,,
Toddler Beds,,,,
Toddler Beds,,,,
Toddler Beds,,,,
Toddler Blankets,,,,
Toddler Blankets,,,,
Toddler Blankets,,,,
Toddler Blankets,,,,
Toddler Blankets,,,,
Toddler Cups,,,,
Toddler Cups,,,,
Toddler Cups,,,,
Toddler Cups,,,,
Toddler Dishes,,,,
Toddler Dishes,,,,
Toddler Dishes,,,,
Toddler Dishes,,,,
Toddler Feeding Supplies,,,,
Toddler Feeding Supplies,,,,
Toddler Feeding Supplies,,,,
Toddler Feeding Supplies,,,,
Toddler Mattress Pads,,,,
Toddler Mattress Pads,,,,
Toddler Mattress Pads,,,,
Toddler Mattress Pads,,,,
Toddler Mattress Pads,,,,
Toddler Safety Harnesses & Leashes,,,,
Toddler Sheets,,,,
Toddler Sheets,,,,
Toddler Sheets,,,,
Toddler Sheets,,,,
Toddler Sheets,,,,
Toddler Utensils,,,,
Toddler Utensils,,,,
Toddler Utensils,,,,
Toddler Utensils,,,,
Toilet Training Pants,,,,
Toilet Training Pants,,,,
Toilet Training Potties & Seats,,,,
Toilet Training Products,,,,
Toilet Training Seat Covers,,,,
Toilet Training Step Stools,,,,
Toy Chests,,,,
Toy Chests,,,,
Toy Chests,,,,
Toy Chests,,,,
Toy Chests,,,,
Toy Figures & Playsets for Toddlers,,,,
Travel Potties,,,,
Whole House Humidifiers,,,,
Whole House Humidifiers,,,,