acer,,,,
agent 18,,,,
amzer,,,,
arkon,,,,
belkin,,,,
blackberry,,,,
blu,,,,
blueant,,,,
body glove,,,,
bodyguardz,,,,
boost mobile,,,,
cables unlimited,,,,
callpod,,,,
candy comfort,,,,
clear-coat scratch protection,,,,
crazyondigital,,,,
dell,,,,
delton,,,,
dlo,,,,
dry case,,,,
ed hardy,,,,
elago,,,,
emerson,,,,
energizer,,,,
esi cases,,,,
fruwt,,,,
garmin,,,,
golla,,,,
griffin,,,,
gumdrop cases,,,,
hard candy cases,,,,
hewlett-packard,,,,
htc,,,,
iluv,,,,
incipio,,,,
iskin,,,,
jabra,,,,
jawbone,,,,
jwin,,,,
kajeet,,,,
konnet,,,,
krusell,,,,
krypton,,,,
kyocera,,,,
lenmar,,,,
lenntek,,,,
lg,,,,
maximo,,,,
milante,,,,
mobal,,,,
igo,,,,
motorola,,,,
native union,,,,
net10,,,,
nokia,,,,
novatel,,,,
otterbox,,,,
palm,,,,
panasonic,,,,
pantech,,,,
plantronics,,,,
powermat,,,,
qdos,,,,
samsung,,,,
sanyo,,,,
scoshe,,,,
seidio,,,,
sena,,,,
siemens,,,,
sierra wireless,,,,
skullcandy,,,,
sony,,,,
sony ericsson,,,,
speck,,,,
STM,,,,
t-mobile branded,,,,
technocel,,,,
tekkeon,,,,
ten one design,,,,
tenqa,,,,
tracphone,,,,
trextra,,,,
unnecto,,,,
verizon wireless,,,,
virgin mobile,,,,
wilson electronics,,,,
wireless extenders,,,,
wireless solutions,,,,
wireless technologies,,,,
zagg,,,,
zomm,,,,
Enter numeric value.,,,,
Enter numeric value.,,,,
4k-video-recording,,,,
basic-phone,,,,
bluetooth-enabled,,,,
built-in-gps,,,,
camera,,,,
dual-band,,,,
dual-camera,,,,
dual-core-processor,,,,
dual-sim,,,,
expandable-memory,,,,
fast-charging-support,,,,
fingerprint-sensor,,,,
internationally-sourced,,,,
lte,,,,
mobile-hotspot-capability,,,,
octa-core-processor,,,,
push-to-talk,,,,
quad-band,,,,
quad-core-processor,,,,
smartphone,,,,
text-messaging,,,,
touchscreen,,,,
video-calling,,,,
water-resistant,,,,
wireless-charging,,,,
Enter numeric value.,,,,
at&t,,,,
boost-mobile,,,,
clearwire,,,,
consumer-cellular,,,,
cricket,,,,
freedompop,,,,
fuzion-mobile,,,,
h2o-wireless,,,,
kajeet,,,,
lycamobile,,,,
metropcs,,,,
net-10,,,,
other,,,,
republic,,,,
sprint,,,,
straight-talk,,,,
t-mobile,,,,
tracfone,,,,
us-cellular,,,,
verizon-wireless,,,,
virgin-mobile,,,,
google android,,,,
rim blackberry,,,,
iOS,,,,
windows phone,,,,
nokia symbian,,,,
palm web os,,,,
windows mobile,,,,
fire os,,,,
black,,,,
grey,,,,
white,,,,
brown,,,,
beige,,,,
red,,,,
pink,,,,
orange,,,,
yellow,,,,
ivory,,,,
green,,,,
blue,,,,
purple,,,,
gold,,,,
silver,,,,
multi,,,,
clear,,,,
stainless-steel,,,,
fuse,,,,
square,,,,
payanywhere,,,,
paypal-here,,,,
heavy duty protection,,,,
kickstand,,,,
screen protector,,,,
slim fit,,,,
sound amplification,,,,
fabric,,,,
leather,,,,
metal,,,,
plastic,,,,
rubber,,,,
tpu,,,,
wood,,,,
iphone-6,,,,
iphone-6s,,,,
iphone-6-plus,,,,
iphone-6s-plus,,,,
iphone-5,,,,
iphone-5s,,,,
iphone-se,,,,
iphone-5c,,,,
iphone-4,,,,
samsung-galaxy-s-7,,,,
samsung-galaxy-s-7-edge,,,,
samsung-galaxy-s-6,,,,
samsung-galaxy-s-6-edge,,,,
samsung-galaxy-s-5,,,,
samsung-galaxy-s-4,,,,
samsung-galaxy-note-4,,,,
samsung-galaxy-note-3,,,,
htc-one-m8,,,,
lg-g3,,,,
lg-g2,,,,
nexus-5,,,,
fire phone,,,,
htc,,,,
htc-one,,,,
iphone,,,,
lg,,,,
motorola,,,,
nokia,,,,
palm,,,,
samsung,,,,
samsung-galaxy-note-2,,,,
samsung-galaxy-s-iii,,,,
sony,,,,
samsung-galaxy-s4-mini,,,,
blackberry,,,,
moto-g,,,,
usb,,,,
lightning,,,,
coaxial,,,,
wireless,,,,
universal,,,,
travel,,,,
12,,,,
120,,,,
110,,,,
115,,,,
127,,,,
220,,,,
230,,,,
240,,,,
micro,,,,
nano,,,,
standard-and-mini,,,,
dual-cut,,,,
triple-cut,,,,
domestic,,,,
international,,,,
am-fm-radio-feature,,,,
wireless-feature,,,,
battery-powered,,,,
remote control,,,,
yes,,,,
alarm-clock,,,,
built-in-microphone,,,,
nfc-enabled,,,,
radio,,,,
smartphone-charging,,,,
stereo-pairing,,,,
ultra-portable,,,,
waterproof,,,,
water resistant,,,,
waterproof,,,,
apple-ipad-air-2,,,,
apple-ipad-air,,,,
apple-ipad-mini-3,,,,
apple-ipad-mini-2,,,,
apple-ipad-mini,,,,
apple-ipad-4,,,,
apple-ipad-3,,,,
apple-ipad-2,,,,
microsoft-surface-3,,,,
microsoft-surface-2,,,,
microsoft-surface-rt,,,,
microsoft-surface-pro-3,,,,
microsoft-surface-pro-2,,,,
microsoft-surface-pro,,,,
samsung-galaxy-tab-s-10.5,,,,
samsung-galaxy-tab-s-8.4,,,,
samsung-galaxy-tab-pro-10.1,,,,
samsung-galaxy-tab-pro-8.4,,,,
samsung-galaxy-tab-4-10.1,,,,
samsung-galaxy-tab-4-8.0,,,,
samsung-galaxy-tab-4-7.0,,,,
samsung-galaxy-tab-3-10.1,,,,
samsung-galaxy-tab-3-8.0,,,,
samsung-galaxy-tab-3-7.0,,,,
samsung-galaxy-tab-2-10.1,,,,
samsung-galaxy-tab-2-7.0,,,,
samsung-galaxy-tab-7.7,,,,
samsung-galaxy-tab-7.0-plus,,,,
samsung-galaxy-tab-8.9,,,,
samsung-galaxy-tab-10.1v,,,,
samsung-galaxy-tab-10.1,,,,
samsung-galaxy-tab,,,,
samsung-galaxy-note-10.1,,,,
samsung-galaxy-note-8.0,,,,
google-nexus-10,,,,
google-nexus-9,,,,
google-nexus-7,,,,
4th-generation-fire-hdx-8.9,,,,
4th-generation-fire-hd-7,,,,
4th-generation-fire-hd-6,,,,
3rd-generation-kindle-fire-hdx-8.9,,,,
3rd-generation-kindle-fire-hdx,,,,
3rd-generation-kindle-fire-hd,,,,
2nd-generation-kindle-fire-hd-8.9,,,,
2nd-generation-kindle-fire-hd,,,,
2nd-generation-kindle-fire,,,,
7th-generation-kindle-voyage,,,,
7th-generation-kindle,,,,
6th-generation-kindle-paperwhite,,,,
5th-generation-kindle,,,,
Cell Phones & Accessories,,,,
Cell Phones & Accessories/Accessories,,,,
Cell Phones & Accessories/Accessories/Accessory Kits,,,,
Cell Phones & Accessories/Accessories/Batteries & Battery Packs,,,,
Cell Phones & Accessories/Accessories/Batteries & Battery Packs/Charger Cases,,,,
Cell Phones & Accessories/Accessories/Batteries & Battery Packs/Portable Power Banks,,,,
Cell Phones & Accessories/Accessories/Batteries & Battery Packs/Replacement Batteries,,,,
Cell Phones & Accessories/Accessories/Bluetooth Headsets,,,,
Cell Phones & Accessories/Accessories/Cables,,,,
Cell Phones & Accessories/Accessories/Car Accessories,,,,
Cell Phones & Accessories/Accessories/Car Accessories/Bluetooth Car Kits,,,,
Cell Phones & Accessories/Accessories/Car Accessories/Car Chargers,,,,
Cell Phones & Accessories/Accessories/Car Accessories/Car Cradles & Mounts,,,,
Cell Phones & Accessories/Accessories/Car Accessories/Car Kits,,,,
Cell Phones & Accessories/Accessories/Car Accessories/Car Pads & Mats,,,,
Cell Phones & Accessories/Accessories/Car Accessories/Car Speakerphones,,,,
Cell Phones & Accessories/Accessories/Cell Phone Warranties,,,,
Cell Phones & Accessories/Accessories/Chargers & Power Adapters,,,,
Cell Phones & Accessories/Accessories/Chargers & Power Adapters/Car Chargers,,,,
Cell Phones & Accessories/Accessories/Chargers & Power Adapters/Charging Stations,,,,
Cell Phones & Accessories/Accessories/Chargers & Power Adapters/Solar Chargers,,,,
Cell Phones & Accessories/Accessories/Chargers & Power Adapters/Wall Chargers,,,,
Cell Phones & Accessories/Accessories/Corded Headsets,,,,
Cell Phones & Accessories/Accessories/FM Transmitters,,,,
Cell Phones & Accessories/Accessories/MicroSD Cards,,,,
Cell Phones & Accessories/Accessories/Mounts & Stands,,,,
Cell Phones & Accessories/Accessories/Mounts & Stands/Car Cradles & Mounts,,,,
Cell Phones & Accessories/Accessories/Mounts & Stands/Stands,,,,
Cell Phones & Accessories/Accessories/Phone Charms,,,,
Cell Phones & Accessories/Accessories/Portable Speakers & Audio Docks,,,,
Cell Phones & Accessories/Accessories/Portable Speakers & Audio Docks/Audio Docks,,,,
Cell Phones & Accessories/Accessories/Portable Speakers & Audio Docks/Portable Bluetooth Speakers,,,,
Cell Phones & Accessories/Accessories/Portable Speakers & Audio Docks/Portable Line-In Speakers,,,,
Cell Phones & Accessories/Accessories/Replacement Parts,,,,
Cell Phones & Accessories/Accessories/Screen Protectors,,,,
Cell Phones & Accessories/Accessories/Selfie Sticks & Tripods,,,,
Cell Phones & Accessories/Accessories/Selfie Sticks & Tripods/Selfie Sticks,,,,
Cell Phones & Accessories/Accessories/Selfie Sticks & Tripods/Tripods,,,,
Cell Phones & Accessories/Accessories/Signal Boosters,,,,
Cell Phones & Accessories/Accessories/Smart Watch Accessories,,,,
Cell Phones & Accessories/Accessories/Smart Watch Accessories/Smart Watch Bands,,,,
Cell Phones & Accessories/Accessories/Smart Watch Accessories/Smart Watch Cables & Chargers,,,,
Cell Phones & Accessories/Accessories/Smart Watch Accessories/Smart Watch Cables & Chargers/Smart Watch Cables,,,,
Cell Phones & Accessories/Accessories/Smart Watch Accessories/Smart Watch Cables & Chargers/Smart Watch Charging Docks,,,,
Cell Phones & Accessories/Accessories/Smart Watch Accessories/Smart Watch Screen Protectors,,,,
Cell Phones & Accessories/Accessories/Smart Watch Accessories/Smart Watch Stickers,,,,
Cell Phones & Accessories/Accessories/Smart Watches,,,,
Cell Phones & Accessories/Accessories/Styluses,,,,
Cell Phones & Accessories/Accessories/Virtual Reality Headsets,,,,
"Cell Phones & Accessories/Cases, Holsters & Clips",,,,
"Cell Phones & Accessories/Cases, Holsters & Clips/Armbands",,,,
"Cell Phones & Accessories/Cases, Holsters & Clips/Battery Charger Cases",,,,
"Cell Phones & Accessories/Cases, Holsters & Clips/Cases",,,,
"Cell Phones & Accessories/Cases, Holsters & Clips/Flip Cases",,,,
"Cell Phones & Accessories/Cases, Holsters & Clips/Holsters & Clips",,,,
"Cell Phones & Accessories/Cases, Holsters & Clips/Sleeves",,,,
"Cell Phones & Accessories/Cases, Holsters & Clips/Stickers",,,,
Cell Phones & Accessories/Cell Phones,,,,
Cell Phones & Accessories/Cell Phones/Carrier Cell Phones,,,,
Cell Phones & Accessories/Cell Phones/Unlocked Cell Phones,,,,
Cell Phones & Accessories/No-Contract Cell Phones & Devices,,,,
Cell Phones & Accessories/No-Contract Cell Phones & Devices/Broadband,,,,
Cell Phones & Accessories/No-Contract Cell Phones & Devices/Mobile Broadband Devices,,,,
Cell Phones & Accessories/No-Contract Cell Phones & Devices/Tablets,,,,
Cell Phones & Accessories/SIM Cards & Prepaid Minutes,,,,
Cell Phones & Accessories/SIM Cards & Prepaid Minutes/Cell Phone Minutes,,,,
Cell Phones & Accessories/SIM Cards & Prepaid Minutes/SIM Card Tools & Accessories,,,,
Cell Phones & Accessories/SIM Cards & Prepaid Minutes/SIM Cards,,,,
Bluetooth Car Kits,,,,
Bluetooth Cell Phone Headsets,,,,
Carrier Cell Phones,,,,
Carrier Cell Phones,,,,
Carrier Cell Phones,,,,
Carrier Cell Phones,,,,
Carrier Cell Phones,,,,
Carrier Cell Phones,,,,
Carrier Cell Phones,,,,
Cell Phone Accessories,,,,
Cell Phone Accessory Kits,,,,
Cell Phone Armbands,,,,
Cell Phone Armbands,,,,
Cell Phone Armbands,,,,
Cell Phone Armbands,,,,
Cell Phone Armbands,,,,
Cell Phone Armbands,,,,
Cell Phone Batteries & Battery Packs,,,,
Cell Phone Battery Charger Cases,,,,
Cell Phone Battery Charger Cases,,,,
Cell Phone Battery Charger Cases,,,,
Cell Phone Cables,,,,
Cell Phone Cables,,,,
Cell Phone Car Accessories,,,,
Cell Phone Car Chargers,,,,
Cell Phone Car Chargers,,,,
Cell Phone Car Chargers,,,,
Cell Phone Car Chargers,,,,
Cell Phone Car Chargers,,,,
Cell Phone Car Cradles & Mounts,,,,
Cell Phone Car Kits,,,,
Cell Phone Car Pads & Mats,,,,
Cell Phone Car Speakerphones,,,,
Cell Phone Cases,,,,
Cell Phone Cases,,,,
Cell Phone Cases,,,,
Cell Phone Cases,,,,
Cell Phone Cases,,,,
Cell Phone Cases,,,,
"Cell Phone Cases, Holsters & Clips",,,,
"Cell Phone Cases, Holsters & Clips",,,,
"Cell Phone Cases, Holsters & Clips",,,,
"Cell Phone Cases, Holsters & Clips",,,,
"Cell Phone Cases, Holsters & Clips",,,,
"Cell Phone Cases, Holsters & Clips",,,,
Cell Phone Chargers & Power Adapters,,,,
Cell Phone Chargers & Power Adapters,,,,
Cell Phone Chargers & Power Adapters,,,,
Cell Phone Chargers & Power Adapters,,,,
Cell Phone Chargers & Power Adapters,,,,
Cell Phone Charging Stations,,,,
Cell Phone Charging Stations,,,,
Cell Phone Charging Stations,,,,
Cell Phone Charging Stations,,,,
Cell Phone Charging Stations,,,,
Cell Phone Charms,,,,
"Cell Phone Cradles, Mounts & Stands",,,,
Cell Phone Holsters & Clips,,,,
Cell Phone Holsters & Clips,,,,
Cell Phone Holsters & Clips,,,,
Cell Phone Holsters & Clips,,,,
Cell Phone Holsters & Clips,,,,
Cell Phone Holsters & Clips,,,,
Cell Phone SIM Card Tools & Accessories,,,,
Cell Phone SIM Cards,,,,
Cell Phone SIM Cards,,,,
Cell Phone SIM Cards,,,,
Cell Phone SIM Cards & Prepaid Minutes,,,,
Cell Phone Screen Protectors,,,,
Cell Phone Screen Protectors,,,,
Cell Phone Signal Boosters,,,,
Cell Phone Sleeves,,,,
Cell Phone Sleeves,,,,
Cell Phone Sleeves,,,,
Cell Phone Sleeves,,,,
Cell Phone Sleeves,,,,
Cell Phone Sleeves,,,,
Cell Phone Solar Chargers,,,,
Cell Phone Solar Chargers,,,,
Cell Phone Solar Chargers,,,,
Cell Phone Solar Chargers,,,,
Cell Phone Solar Chargers,,,,
Cell Phone Stands,,,,
Cell Phone Stands,,,,
Cell Phone Stickers,,,,
Cell Phone Stickers,,,,
Cell Phone Stickers,,,,
Cell Phone Stickers,,,,
Cell Phone Stickers,,,,
Cell Phone Stickers,,,,
Cell Phone Tripods,,,,
Cell Phone VR Headsets,,,,
Cell Phone Wall Chargers,,,,
Cell Phone Wall Chargers,,,,
Cell Phone Wall Chargers,,,,
Cell Phone Wall Chargers,,,,
Cell Phone Wall Chargers,,,,
Cell Phone Warranties,,,,
Cell Phones,,,,
Cell Phones,,,,
Cell Phones,,,,
Cell Phones,,,,
Cell Phones,,,,
Cell Phones Replacement Parts,,,,
Cell Phones Replacement Parts,,,,
Flip Cell Phone Cases,,,,
Flip Cell Phone Cases,,,,
Flip Cell Phone Cases,,,,
Flip Cell Phone Cases,,,,
Flip Cell Phone Cases,,,,
Flip Cell Phone Cases,,,,
Internal Cell Phone Replacement Batteries,,,,
Internal Cell Phone Replacement Batteries,,,,
MP3 Player & Cell Phone Audio Docks,,,,
MP3 Player & Cell Phone Audio Docks,,,,
MP3 Player & Cell Phone Audio Docks,,,,
MP3 Player & Cell Phone Audio Docks,,,,
MP3 Player & Cell Phone Audio Docks,,,,
MP3 Player & Cell Phone Audio Docks,,,,
MP3 Player & Cell Phone Audio Docks,,,,
MP3 Player FM Transmitters,,,,
Micro SD Memory Cards,,,,
No-Contract Broadband Data Packages,,,,
No-Contract Broadband Data Packages,,,,
No-Contract Broadband Data Packages,,,,
No-Contract Cell Phones & Devices,,,,
No-Contract Cell Phones & Devices,,,,
No-Contract Cell Phones & Devices,,,,
No-Contract Mobile Broadband Devices,,,,
No-Contract Mobile Broadband Devices,,,,
No-Contract Mobile Broadband Devices,,,,
No-Contract Tablets,,,,
No-Contract Tablets,,,,
No-Contract Tablets,,,,
Portable Bluetooth Speakers,,,,
Portable Bluetooth Speakers,,,,
Portable Bluetooth Speakers,,,,
Portable Bluetooth Speakers,,,,
Portable Cell Phone & MP3 Player Speakers & Audio Docks,,,,
Portable Cell Phone & MP3 Player Speakers & Audio Docks,,,,
Portable Cell Phone & MP3 Player Speakers & Audio Docks,,,,
Portable Cell Phone & MP3 Player Speakers & Audio Docks,,,,
Portable Cell Phone & MP3 Player Speakers & Audio Docks,,,,
Portable Cell Phone & MP3 Player Speakers & Audio Docks,,,,
Portable Cell Phone & MP3 Player Speakers & Audio Docks,,,,
Portable Cell Phone Power Banks,,,,
Portable Cell Phone Power Banks,,,,
Portable Cell Phone Power Banks,,,,
Portable Line-In Speakers,,,,
Portable Line-In Speakers,,,,
Portable Line-In Speakers,,,,
Portable Line-In Speakers,,,,
Portable Line-In Speakers,,,,
Portable Line-In Speakers,,,,
Portable Line-In Speakers,,,,
Prepaid Cell Phone Minutes,,,,
Selfie Sticks,,,,
Selfie Sticks & Cell Phone Tripods,,,,
Smart Watch Accessories,,,,
Smart Watch Accessories,,,,
Smart Watch Bands,,,,
Smart Watch Bands,,,,
Smart Watch Cables,,,,
Smart Watch Cables,,,,
Smart Watch Cables & Chargers,,,,
Smart Watch Cables & Chargers,,,,
Smart Watch Charging Docks,,,,
Smart Watch Charging Docks,,,,
Smart Watch Screen Protectors,,,,
Smart Watch Screen Protectors,,,,
Smart Watch Stickers,,,,
Smart Watch Stickers,,,,
Smart Watches,,,,
Styluses,,,,
Styluses,,,,
Unlocked Cell Phones,,,,
Unlocked Cell Phones,,,,
Unlocked Cell Phones,,,,
Unlocked Cell Phones,,,,
Unlocked Cell Phones,,,,
Unlocked Cell Phones,,,,
Wired Cell Phone Headsets,,,,