baseball,,,,
basketball,,,,
boating,,,,
bowling,,,,
boxing,,,,
camping & hiking,,,,
cheerleading,,,,
climbing,,,,
cycling,,,,
dance,,,,
diving,,,,
equestrian,,,,
exercise & fitness,,,,
field hockey,,,,
fishing,,,,
football,,,,
golf,,,,
gymnastics,,,,
hockey,,,,
hunting,,,,
ice skating,,,,
lacrosse,,,,
martial arts,,,,
outdoor lifestyle,,,,
pilates,,,,
polo,,,,
racquetball,,,,
rugby,,,,
running,,,,
skateboarding,,,,
snow skiing,,,,
snowboarding,,,,
snowmobiling,,,,
snowshoeing,,,,
soccer,,,,
squash,,,,
surfing,,,,
swimming,,,,
tennis,,,,
track & field,,,,
triathlon,,,,
volleyball,,,,
water polo,,,,
waterskiing,,,,
windsurfing,,,,
wrestling,,,,
yoga,,,,
break away,,,,
buckle,,,,
slip on,,,,
snap,,,,
trigger snap,,,,
quick-release,,,,
reflective,,,,
lights,,,,
bells,,,,
breakaway,,,,
studded,,,,
padded,,,,
jeweled,,,,
personalized,,,,
black,,,,
grey,,,,
white,,,,
brown,,,,
beige,,,,
red,,,,
pink,,,,
orange,,,,
yellow,,,,
ivory,,,,
green,,,,
blue,,,,
purple,,,,
gold,,,,
silver,,,,
multi,,,,
clear,,,,
stainless-steel,,,,
customizable,,,,
cotton,,,,
leather,,,,
nylon,,,,
polyester,,,,
suede,,,,
velvet,,,,
xs,,,,
s,,,,
m,,,,
l,,,,
xl,,,,
adjustable,,,,
ios,,,,
google android,,,,
windows phone,,,,
fire os,,,,
fluorescent aquarium light,,,,
halogen aquarium light,,,,
incandescent aquarium light,,,,
led aquarium light,,,,
glass aquarium decorative marbles,,,,
plastic aquarium decorative marbles,,,,
metal aquarium stand,,,,
wood aquarium stand,,,,
acrylic aquarium,,,,
glass aquarium,,,,
mechanical,,,,
spray,,,,
static shock,,,,
ultrasonic,,,,
all-natural,,,,
gluten-free,,,,
grain-free,,,,
holistic,,,,
limited-ingredients,,,,
organic,,,,
protein-rich,,,,
raw,,,,
vegetarian,,,,
veterinary,,,,
gold,,,,
leather,,,,
nylon,,,,
silver,,,,
steel,,,,
suede,,,,
vinyl,,,,
fabric,,,,
cotton,,,,
plush,,,,
canvas,,,,
rubber,,,,
bamboo,,,,
glass,,,,
metal,,,,
aluminim,,,,
brass,,,,
bronze,,,,
cast-iron,,,,
chrome,,,,
copper,,,,
nickel,,,,
pewter,,,,
stainless-steel,,,,
tin,,,,
plastic,,,,
rattan,,,,
wicker,,,,
stone,,,,
wood,,,,
beech,,,,
birch,,,,
cedar,,,,
cherry,,,,
elm,,,,
hardwood,,,,
mahogany,,,,
maple,,,,
pine,,,,
rosewood,,,,
teak,,,,
walnut,,,,
willow,,,,
recycled-material,,,,
beef,,,,
cheese,,,,
chicken,,,,
fruit,,,,
lamb,,,,
liver,,,,
milk,,,,
peanut-butter,,,,
pork,,,,
seafood,,,,
turkey,,,,
vegetable,,,,
mint,,,,
bison,,,,
duck,,,,
variety,,,,
sweet-potato,,,,
venison,,,,
active,,,,
behavior,,,,
teeth,,,,
eyes,,,,
food-allergies,,,,
hairballs,,,,
heart,,,,
joints,,,,
hip,,,,
indoor,,,,
parasites,,,,
coat,,,,
stomach,,,,
urinary-tract-control,,,,
weaning,,,,
weight,,,,
senior,,,,
adult,,,,
kitten,,,,
senior,,,,
adult,,,,
young-adult,,,,
puppy,,,,
Enter numeric value.,,,,
cedar-filled,,,,
orthopedic,,,,
outdoor,,,,
travel,,,,
cooling,,,,
environmentally-friendly,,,,
heating,,,,
removable-cover,,,,
leash-clip,,,,
pockets,,,,
removable-liner,,,,
rolling,,,,
shoulder-strap,,,,
top-load,,,,
Enter numeric value.,,,,
Enter numeric value.,,,,
Enter numeric value.,,,,
Enter numeric value.,,,,
deodorising,,,,
medicated,,,,
natural,,,,
tearless,,,,
whitening,,,,
under-4-foot,,,,
4-foot,,,,
5-foot,,,,
6-foot,,,,
10-foot,,,,
16-foot,,,,
20-foot,,,,
26-foot,,,,
30-foot,,,,
Enter numeric value.,,,,
Enter numeric value.,,,,
Enter numeric value.,,,,
Enter numeric value.,,,,
plastic,,,,
fabric,,,,
metal,,,,
indoor,,,,
outdoor,,,,
travel,,,,
Enter numeric value.,,,,
x-small,,,,
small,,,,
medium,,,,
large,,,,
x-large,,,,
giant,,,,
Enter numeric value.,,,,
betta fish food,,,,
cichlid fish food,,,,
goldfish fish food,,,,
marine fish food,,,,
pond and koi fish food,,,,
tropical fish food,,,,
black,,,,
grey,,,,
white,,,,
brown,,,,
beige,,,,
red,,,,
pink,,,,
orange,,,,
yellow,,,,
ivory,,,,
green,,,,
blue,,,,
purple,,,,
gold,,,,
silver,,,,
multi,,,,
clear,,,,
Enter numeric value.,,,,
hardware mounted,,,,
pressure mounted,,,,
free standing,,,,
adhesive,,,,
extensions,,,,
fabric,,,,
metal,,,,
plastic,,,,
wood,,,,
Pet Supplies,,,,
Pet Supplies/Birds,,,,
Pet Supplies/Birds/Cages & Accessories,,,,
Pet Supplies/Birds/Cages & Accessories/Bedding & Litter,,,,
Pet Supplies/Birds/Cages & Accessories/Bedding & Litter/Bedding,,,,
Pet Supplies/Birds/Cages & Accessories/Bedding & Litter/Litter,,,,
Pet Supplies/Birds/Cages & Accessories/Bird Baths,,,,
Pet Supplies/Birds/Cages & Accessories/Birdcage Covers,,,,
Pet Supplies/Birds/Cages & Accessories/Birdcage Stands,,,,
Pet Supplies/Birds/Cages & Accessories/Birdcages,,,,
Pet Supplies/Birds/Cages & Accessories/Ladders,,,,
Pet Supplies/Birds/Cages & Accessories/Nests,,,,
Pet Supplies/Birds/Cages & Accessories/Perches,,,,
Pet Supplies/Birds/Cages & Accessories/Seed Guards & Catchers,,,,
Pet Supplies/Birds/Cages & Accessories/Swings,,,,
Pet Supplies/Birds/Carriers,,,,
Pet Supplies/Birds/Feeding & Watering Supplies,,,,
Pet Supplies/Birds/Feeding & Watering Supplies/Feeders,,,,
Pet Supplies/Birds/Feeding & Watering Supplies/Hand-Feeding Tools,,,,
Pet Supplies/Birds/Feeding & Watering Supplies/Water Bottles,,,,
Pet Supplies/Birds/Food,,,,
Pet Supplies/Birds/Health Supplies,,,,
Pet Supplies/Birds/Toys,,,,
Pet Supplies/Birds/Treats,,,,
Pet Supplies/Cats,,,,
Pet Supplies/Cats/Apparel,,,,
Pet Supplies/Cats/Beds & Furniture,,,,
Pet Supplies/Cats/Beds & Furniture/Activity Trees,,,,
Pet Supplies/Cats/Beds & Furniture/Bed Blankets,,,,
Pet Supplies/Cats/Beds & Furniture/Bed Liners,,,,
Pet Supplies/Cats/Beds & Furniture/Bed Mats,,,,
Pet Supplies/Cats/Beds & Furniture/Beds & Sofas,,,,
Pet Supplies/Cats/Beds & Furniture/Beds & Sofas/Beds,,,,
Pet Supplies/Cats/Beds & Furniture/Beds & Sofas/Sofas,,,,
Pet Supplies/Cats/Beds & Furniture/Cat Houses & Condos,,,,
Pet Supplies/Cats/Beds & Furniture/Scratching Pads,,,,
Pet Supplies/Cats/Beds & Furniture/Scratching Posts,,,,
Pet Supplies/Cats/Beds & Furniture/Window Perches,,,,
Pet Supplies/Cats/Cages,,,,
Pet Supplies/Cats/Carriers & Strollers,,,,
Pet Supplies/Cats/Carriers & Strollers/Carriers,,,,
Pet Supplies/Cats/Carriers & Strollers/Carriers/Hard-Sided Carriers,,,,
Pet Supplies/Cats/Carriers & Strollers/Carriers/Soft-Sided Carriers,,,,
Pet Supplies/Cats/Carriers & Strollers/Strollers,,,,
"Pet Supplies/Cats/Cat Doors, Steps, Nets & Pens",,,,
"Pet Supplies/Cats/Cat Doors, Steps, Nets & Pens/Balcony Nets",,,,
"Pet Supplies/Cats/Cat Doors, Steps, Nets & Pens/Cat Doors",,,,
"Pet Supplies/Cats/Cat Doors, Steps, Nets & Pens/Outdoor Pens",,,,
"Pet Supplies/Cats/Cat Doors, Steps, Nets & Pens/Stairs & Steps",,,,
"Pet Supplies/Cats/Cat Doors, Steps, Nets & Pens/Stairs & Steps/Stairs",,,,
"Pet Supplies/Cats/Cat Doors, Steps, Nets & Pens/Stairs & Steps/Steps",,,,
"Pet Supplies/Cats/Collars, Harnesses & Leashes",,,,
"Pet Supplies/Cats/Collars, Harnesses & Leashes/App-Enabled Smart Tags",,,,
"Pet Supplies/Cats/Collars, Harnesses & Leashes/Collar Bells",,,,
"Pet Supplies/Cats/Collars, Harnesses & Leashes/Collar Charms",,,,
"Pet Supplies/Cats/Collars, Harnesses & Leashes/Collar Lights",,,,
"Pet Supplies/Cats/Collars, Harnesses & Leashes/Collars",,,,
"Pet Supplies/Cats/Collars, Harnesses & Leashes/Collars/Accessories",,,,
"Pet Supplies/Cats/Collars, Harnesses & Leashes/Collars/App-Enabled Collars",,,,
"Pet Supplies/Cats/Collars, Harnesses & Leashes/Collars/Flea Collars",,,,
"Pet Supplies/Cats/Collars, Harnesses & Leashes/Flea Collars",,,,
"Pet Supplies/Cats/Collars, Harnesses & Leashes/Harnesses",,,,
"Pet Supplies/Cats/Collars, Harnesses & Leashes/ID Tags",,,,
"Pet Supplies/Cats/Collars, Harnesses & Leashes/Leashes",,,,
Pet Supplies/Cats/Feeding & Watering Supplies,,,,
Pet Supplies/Cats/Feeding & Watering Supplies/Automatic Feeders,,,,
Pet Supplies/Cats/Feeding & Watering Supplies/Bowls,,,,
Pet Supplies/Cats/Feeding & Watering Supplies/Food Storage,,,,
Pet Supplies/Cats/Feeding & Watering Supplies/Fountains,,,,
Pet Supplies/Cats/Feeding & Watering Supplies/Nursing Supplies,,,,
Pet Supplies/Cats/Flea & Tick Control,,,,
Pet Supplies/Cats/Flea & Tick Control/Carpet Flea Powders & Sprays,,,,
Pet Supplies/Cats/Flea & Tick Control/Carpet Flea Powders & Sprays/Carpet Flea Powders,,,,
Pet Supplies/Cats/Flea & Tick Control/Carpet Flea Powders & Sprays/Carpet Flea Sprays,,,,
Pet Supplies/Cats/Flea & Tick Control/Cat Flea Powders,,,,
Pet Supplies/Cats/Flea & Tick Control/Cat Flea Sprays,,,,
Pet Supplies/Cats/Flea & Tick Control/Flea Collars,,,,
Pet Supplies/Cats/Flea & Tick Control/Flea Combs,,,,
Pet Supplies/Cats/Flea & Tick Control/Flea Drops,,,,
Pet Supplies/Cats/Flea & Tick Control/Flea Shampoos,,,,
Pet Supplies/Cats/Flea & Tick Control/Tick Remover Tools,,,,
Pet Supplies/Cats/Food,,,,
Pet Supplies/Cats/Food/Dehydrated/Freeze-Dried,,,,
Pet Supplies/Cats/Food/Dehydrated/Freeze-Dried/Dehydrated,,,,
Pet Supplies/Cats/Food/Dehydrated/Freeze-Dried/Freeze-Dried,,,,
Pet Supplies/Cats/Food/Dry,,,,
Pet Supplies/Cats/Food/Food Toppers,,,,
Pet Supplies/Cats/Food/Frozen,,,,
Pet Supplies/Cats/Food/Milk Replacers,,,,
Pet Supplies/Cats/Food/Wet,,,,
Pet Supplies/Cats/Food/Wet/Canned,,,,
Pet Supplies/Cats/Food/Wet/Pouches,,,,
Pet Supplies/Cats/Food/Wet/Rolls,,,,
Pet Supplies/Cats/Grooming,,,,
Pet Supplies/Cats/Grooming/Brushes,,,,
Pet Supplies/Cats/Grooming/Claw Care,,,,
Pet Supplies/Cats/Grooming/Combs,,,,
Pet Supplies/Cats/Grooming/Dander Remover Sprays,,,,
Pet Supplies/Cats/Grooming/Electric Clippers & Blades,,,,
Pet Supplies/Cats/Grooming/Electric Clippers & Blades/Electric Clippers,,,,
Pet Supplies/Cats/Grooming/Electric Clippers & Blades/Replacement Blades,,,,
Pet Supplies/Cats/Grooming/Hair Removal Mitts & Rollers,,,,
Pet Supplies/Cats/Grooming/Scissors,,,,
Pet Supplies/Cats/Grooming/Shampoos & Conditioners,,,,
Pet Supplies/Cats/Grooming/Shampoos & Conditioners/Conditioners,,,,
Pet Supplies/Cats/Grooming/Shampoos & Conditioners/Shampoos,,,,
Pet Supplies/Cats/Grooming/Shampoos & Conditioners/Shampoos Plus Conditioners,,,,
Pet Supplies/Cats/Grooming/Shedding Tools,,,,
Pet Supplies/Cats/Grooming/Styptic Gels & Powders,,,,
Pet Supplies/Cats/Grooming/Styptic Gels & Powders/Styptic Gels,,,,
Pet Supplies/Cats/Grooming/Styptic Gels & Powders/Styptic Powders,,,,
Pet Supplies/Cats/Health Supplies,,,,
Pet Supplies/Cats/Health Supplies/Dental Care,,,,
Pet Supplies/Cats/Health Supplies/Digestive Remedies,,,,
Pet Supplies/Cats/Health Supplies/Ear Care,,,,
Pet Supplies/Cats/Health Supplies/Eye Care,,,,
Pet Supplies/Cats/Health Supplies/Hairball Remedy Pastes & Gels,,,,
Pet Supplies/Cats/Health Supplies/Hip & Joint Care,,,,
Pet Supplies/Cats/Health Supplies/Insect Repellents,,,,
Pet Supplies/Cats/Health Supplies/Itch Remedies,,,,
Pet Supplies/Cats/Health Supplies/Milk Replacers,,,,
Pet Supplies/Cats/Health Supplies/Recovery Collars & Cones,,,,
Pet Supplies/Cats/Health Supplies/Relaxants,,,,
Pet Supplies/Cats/Health Supplies/Supplements & Vitamins,,,,
Pet Supplies/Cats/Health Supplies/Supplements & Vitamins/Amino Acids,,,,
Pet Supplies/Cats/Health Supplies/Supplements & Vitamins/Antioxidants,,,,
Pet Supplies/Cats/Health Supplies/Supplements & Vitamins/Fish Oil Supplements,,,,
Pet Supplies/Cats/Health Supplies/Supplements & Vitamins/Herbal Supplements,,,,
Pet Supplies/Cats/Health Supplies/Supplements & Vitamins/Multivitamins,,,,
Pet Supplies/Cats/Health Supplies/Supplements & Vitamins/Probiotics,,,,
Pet Supplies/Cats/Health Supplies/Wormers,,,,
Pet Supplies/Cats/Litter & Housebreaking,,,,
Pet Supplies/Cats/Litter & Housebreaking/Litter,,,,
Pet Supplies/Cats/Litter & Housebreaking/Litter Box Liners,,,,
Pet Supplies/Cats/Litter & Housebreaking/Litter Boxes,,,,
Pet Supplies/Cats/Litter & Housebreaking/Litter Scoops,,,,
Pet Supplies/Cats/Litter & Housebreaking/Odor & Stain Removers,,,,
Pet Supplies/Cats/Litter & Housebreaking/Urine Detectors,,,,
Pet Supplies/Cats/Memorials,,,,
Pet Supplies/Cats/Repellents & Training Aids,,,,
Pet Supplies/Cats/Repellents & Training Aids/Repellent Mats,,,,
Pet Supplies/Cats/Repellents & Training Aids/Sonic Repellents,,,,
Pet Supplies/Cats/Repellents & Training Aids/Spray Repellents,,,,
Pet Supplies/Cats/Toys,,,,
Pet Supplies/Cats/Toys/Balls,,,,
Pet Supplies/Cats/Toys/Catnip Toys,,,,
Pet Supplies/Cats/Toys/Feather Toys,,,,
Pet Supplies/Cats/Toys/Mice & Animal Toys,,,,
Pet Supplies/Cats/Treats,,,,
Pet Supplies/Cats/Treats/Catnip,,,,
Pet Supplies/Cats/Treats/Snacks,,,,
Pet Supplies/Dogs,,,,
Pet Supplies/Dogs/Apparel & Accessories,,,,
Pet Supplies/Dogs/Apparel & Accessories/Backpacks,,,,
Pet Supplies/Dogs/Apparel & Accessories/Bandanas,,,,
Pet Supplies/Dogs/Apparel & Accessories/Boots & Paw Protectors,,,,
Pet Supplies/Dogs/Apparel & Accessories/Boots & Paw Protectors/Boots,,,,
Pet Supplies/Dogs/Apparel & Accessories/Boots & Paw Protectors/Paw Protectors,,,,
Pet Supplies/Dogs/Apparel & Accessories/Cold Weather Coats,,,,
Pet Supplies/Dogs/Apparel & Accessories/Costumes,,,,
Pet Supplies/Dogs/Apparel & Accessories/Dresses,,,,
Pet Supplies/Dogs/Apparel & Accessories/Hair Accessories,,,,
Pet Supplies/Dogs/Apparel & Accessories/Hats,,,,
Pet Supplies/Dogs/Apparel & Accessories/Hoodies,,,,
Pet Supplies/Dogs/Apparel & Accessories/Lifejackets,,,,
Pet Supplies/Dogs/Apparel & Accessories/Necklaces,,,,
Pet Supplies/Dogs/Apparel & Accessories/Raincoats,,,,
Pet Supplies/Dogs/Apparel & Accessories/Shirts,,,,
Pet Supplies/Dogs/Apparel & Accessories/Sunglasses,,,,
Pet Supplies/Dogs/Apparel & Accessories/Sweaters,,,,
Pet Supplies/Dogs/Beds & Furniture,,,,
Pet Supplies/Dogs/Beds & Furniture/Bed Blankets,,,,
Pet Supplies/Dogs/Beds & Furniture/Bed Covers,,,,
Pet Supplies/Dogs/Beds & Furniture/Bed Liners,,,,
Pet Supplies/Dogs/Beds & Furniture/Bed Mats,,,,
Pet Supplies/Dogs/Beds & Furniture/Bed Pillows,,,,
Pet Supplies/Dogs/Beds & Furniture/Beds,,,,
Pet Supplies/Dogs/Beds & Furniture/Sofas & Chairs,,,,
Pet Supplies/Dogs/Beds & Furniture/Stairs & Steps,,,,
Pet Supplies/Dogs/Beds & Furniture/Stairs & Steps/Stairs,,,,
Pet Supplies/Dogs/Beds & Furniture/Stairs & Steps/Steps,,,,
Pet Supplies/Dogs/Carriers & Travel Products,,,,
Pet Supplies/Dogs/Carriers & Travel Products/Backpacks,,,,
Pet Supplies/Dogs/Carriers & Travel Products/Bicycle Carriers,,,,
Pet Supplies/Dogs/Carriers & Travel Products/Bicycle Trailers,,,,
Pet Supplies/Dogs/Carriers & Travel Products/Car Travel Accessories,,,,
Pet Supplies/Dogs/Carriers & Travel Products/Car Travel Accessories/Barriers,,,,
Pet Supplies/Dogs/Carriers & Travel Products/Car Travel Accessories/Booster Seats,,,,
Pet Supplies/Dogs/Carriers & Travel Products/Car Travel Accessories/Seat Covers,,,,
Pet Supplies/Dogs/Carriers & Travel Products/Car Travel Accessories/Vehicle Harnesses,,,,
Pet Supplies/Dogs/Carriers & Travel Products/Car Travel Accessories/Vehicle Ramps,,,,
Pet Supplies/Dogs/Carriers & Travel Products/Carriers,,,,
Pet Supplies/Dogs/Carriers & Travel Products/Carriers/Hard-Sided Carriers,,,,
Pet Supplies/Dogs/Carriers & Travel Products/Carriers/Soft-Sided Carriers,,,,
Pet Supplies/Dogs/Carriers & Travel Products/Purses,,,,
Pet Supplies/Dogs/Carriers & Travel Products/Slings,,,,
Pet Supplies/Dogs/Carriers & Travel Products/Strollers,,,,
"Pet Supplies/Dogs/Collars, Harnesses & Leashes",,,,
"Pet Supplies/Dogs/Collars, Harnesses & Leashes/App-Enabled Smart Tags",,,,
"Pet Supplies/Dogs/Collars, Harnesses & Leashes/Collar Charms",,,,
"Pet Supplies/Dogs/Collars, Harnesses & Leashes/Collars",,,,
"Pet Supplies/Dogs/Collars, Harnesses & Leashes/Collars/Accessories",,,,
"Pet Supplies/Dogs/Collars, Harnesses & Leashes/Collars/App-Enabled Collars",,,,
"Pet Supplies/Dogs/Collars, Harnesses & Leashes/Collars/Bark Collars",,,,
"Pet Supplies/Dogs/Collars, Harnesses & Leashes/Collars/Basic Collars",,,,
"Pet Supplies/Dogs/Collars, Harnesses & Leashes/Collars/Flea & Tick Collars",,,,
"Pet Supplies/Dogs/Collars, Harnesses & Leashes/Collars/Headcollars",,,,
"Pet Supplies/Dogs/Collars, Harnesses & Leashes/Collars/Pinch Collars",,,,
"Pet Supplies/Dogs/Collars, Harnesses & Leashes/Collars/Slip & Martingale Collars",,,,
"Pet Supplies/Dogs/Collars, Harnesses & Leashes/Harnesses",,,,
"Pet Supplies/Dogs/Collars, Harnesses & Leashes/Harnesses/Basic Halter Harnesses",,,,
"Pet Supplies/Dogs/Collars, Harnesses & Leashes/Harnesses/Vehicle Harnesses",,,,
"Pet Supplies/Dogs/Collars, Harnesses & Leashes/Harnesses/Vest Harnesses",,,,
"Pet Supplies/Dogs/Collars, Harnesses & Leashes/ID Tags",,,,
"Pet Supplies/Dogs/Collars, Harnesses & Leashes/Leashes",,,,
"Pet Supplies/Dogs/Collars, Harnesses & Leashes/Leashes/Basic Leashes",,,,
"Pet Supplies/Dogs/Collars, Harnesses & Leashes/Leashes/Double Leashes",,,,
"Pet Supplies/Dogs/Collars, Harnesses & Leashes/Leashes/Hands Free Leashes",,,,
"Pet Supplies/Dogs/Collars, Harnesses & Leashes/Leashes/Retractable Leashes",,,,
"Pet Supplies/Dogs/Collars, Harnesses & Leashes/Leashes/Training Leashes",,,,
"Pet Supplies/Dogs/Collars, Harnesses & Leashes/Muzzles",,,,
"Pet Supplies/Dogs/Collars, Harnesses & Leashes/Training Collars",,,,
"Pet Supplies/Dogs/Crates, Houses & Pens",,,,
"Pet Supplies/Dogs/Crates, Houses & Pens/Crates & Kennels",,,,
"Pet Supplies/Dogs/Crates, Houses & Pens/Crates & Kennels/Crates",,,,
"Pet Supplies/Dogs/Crates, Houses & Pens/Crates & Kennels/Kennels",,,,
"Pet Supplies/Dogs/Crates, Houses & Pens/Dog Houses",,,,
"Pet Supplies/Dogs/Crates, Houses & Pens/Kennel Covers",,,,
"Pet Supplies/Dogs/Crates, Houses & Pens/Outdoor Pens",,,,
"Pet Supplies/Dogs/Doors, Gates & Ramps",,,,
"Pet Supplies/Dogs/Doors, Gates & Ramps/Doorbells",,,,
"Pet Supplies/Dogs/Doors, Gates & Ramps/Doors",,,,
"Pet Supplies/Dogs/Doors, Gates & Ramps/Gates",,,,
"Pet Supplies/Dogs/Doors, Gates & Ramps/Playpens",,,,
"Pet Supplies/Dogs/Doors, Gates & Ramps/Safety Ramps",,,,
Pet Supplies/Dogs/Feeding & Watering Supplies,,,,
Pet Supplies/Dogs/Feeding & Watering Supplies/Automatic Feeders,,,,
Pet Supplies/Dogs/Feeding & Watering Supplies/Bowls,,,,
Pet Supplies/Dogs/Feeding & Watering Supplies/Food Storage,,,,
Pet Supplies/Dogs/Feeding & Watering Supplies/Fountains,,,,
Pet Supplies/Dogs/Feeding & Watering Supplies/Nursing Supplies,,,,
Pet Supplies/Dogs/Feeding & Watering Supplies/Raised Bowls & Feeding Stations,,,,
Pet Supplies/Dogs/Feeding & Watering Supplies/Raised Bowls & Feeding Stations/Feeding Stations,,,,
Pet Supplies/Dogs/Feeding & Watering Supplies/Raised Bowls & Feeding Stations/Raised Bowls,,,,
Pet Supplies/Dogs/Feeding & Watering Supplies/Travel Bowls,,,,
Pet Supplies/Dogs/Feeding & Watering Supplies/Water Bottles,,,,
Pet Supplies/Dogs/Flea & Tick Control,,,,
Pet Supplies/Dogs/Flea & Tick Control/Carpet Flea Powders & Sprays,,,,
Pet Supplies/Dogs/Flea & Tick Control/Carpet Flea Powders & Sprays/Carpet Flea Powders,,,,
Pet Supplies/Dogs/Flea & Tick Control/Carpet Flea Powders & Sprays/Carpet Flea Sprays,,,,
Pet Supplies/Dogs/Flea & Tick Control/Dog Flea Powders,,,,
Pet Supplies/Dogs/Flea & Tick Control/Dog Flea Sprays,,,,
Pet Supplies/Dogs/Flea & Tick Control/Flea & Tick Collars,,,,
Pet Supplies/Dogs/Flea & Tick Control/Flea Combs,,,,
Pet Supplies/Dogs/Flea & Tick Control/Flea Drops,,,,
Pet Supplies/Dogs/Flea & Tick Control/Flea Shampoos,,,,
Pet Supplies/Dogs/Flea & Tick Control/Tick Remover Tools,,,,
Pet Supplies/Dogs/Food,,,,
Pet Supplies/Dogs/Food/Dehydrated/Freeze-Dried,,,,
Pet Supplies/Dogs/Food/Dehydrated/Freeze-Dried/Dehydrated,,,,
Pet Supplies/Dogs/Food/Dehydrated/Freeze-Dried/Freeze-Dried,,,,
Pet Supplies/Dogs/Food/Dry,,,,
Pet Supplies/Dogs/Food/Food Toppers,,,,
Pet Supplies/Dogs/Food/Frozen,,,,
Pet Supplies/Dogs/Food/Wet,,,,
Pet Supplies/Dogs/Food/Wet/Canned,,,,
Pet Supplies/Dogs/Food/Wet/Pouches,,,,
Pet Supplies/Dogs/Food/Wet/Rolls,,,,
Pet Supplies/Dogs/Grooming,,,,
Pet Supplies/Dogs/Grooming/Brushes,,,,
Pet Supplies/Dogs/Grooming/Claw Care,,,,
Pet Supplies/Dogs/Grooming/Colognes,,,,
Pet Supplies/Dogs/Grooming/Combs,,,,
Pet Supplies/Dogs/Grooming/Dander Remover Sprays,,,,
Pet Supplies/Dogs/Grooming/Dematting Tools,,,,
Pet Supplies/Dogs/Grooming/Dematting Tools/Combs,,,,
Pet Supplies/Dogs/Grooming/Dematting Tools/Rakes,,,,
Pet Supplies/Dogs/Grooming/Deodorizers,,,,
Pet Supplies/Dogs/Grooming/Electric Clippers & Blades,,,,
Pet Supplies/Dogs/Grooming/Electric Clippers & Blades/Electric Clippers,,,,
Pet Supplies/Dogs/Grooming/Electric Clippers & Blades/Replacement Blades,,,,
Pet Supplies/Dogs/Grooming/Grooming Wipes,,,,
Pet Supplies/Dogs/Grooming/Hair Removal Mitts & Rollers,,,,
Pet Supplies/Dogs/Grooming/Scissors,,,,
Pet Supplies/Dogs/Grooming/Shampoos & Conditioners,,,,
Pet Supplies/Dogs/Grooming/Shampoos & Conditioners/Conditioners,,,,
Pet Supplies/Dogs/Grooming/Shampoos & Conditioners/Shampoos,,,,
Pet Supplies/Dogs/Grooming/Shampoos & Conditioners/Shampoos Plus Conditioners,,,,
Pet Supplies/Dogs/Grooming/Shedding Tools,,,,
Pet Supplies/Dogs/Grooming/Shower & Bath Accessories,,,,
Pet Supplies/Dogs/Grooming/Styptic Gels & Powders,,,,
Pet Supplies/Dogs/Grooming/Styptic Gels & Powders/Styptic Gels,,,,
Pet Supplies/Dogs/Grooming/Styptic Gels & Powders/Styptic Powders,,,,
Pet Supplies/Dogs/Health Supplies,,,,
Pet Supplies/Dogs/Health Supplies/Dental Care,,,,
Pet Supplies/Dogs/Health Supplies/Dental Care/Toothbrushes,,,,
Pet Supplies/Dogs/Health Supplies/Dental Care/Toothpaste,,,,
Pet Supplies/Dogs/Health Supplies/Digestive Remedies,,,,
Pet Supplies/Dogs/Health Supplies/Ear Care,,,,
Pet Supplies/Dogs/Health Supplies/Eye Care,,,,
Pet Supplies/Dogs/Health Supplies/Hip & Joint Care,,,,
Pet Supplies/Dogs/Health Supplies/Insect Repellents,,,,
Pet Supplies/Dogs/Health Supplies/Itch Remedies,,,,
Pet Supplies/Dogs/Health Supplies/Milk Replacers,,,,
Pet Supplies/Dogs/Health Supplies/Recovery Collars & Cones,,,,
Pet Supplies/Dogs/Health Supplies/Relaxants,,,,
Pet Supplies/Dogs/Health Supplies/Supplements & Vitamins,,,,
Pet Supplies/Dogs/Health Supplies/Supplements & Vitamins/Amino Acids,,,,
Pet Supplies/Dogs/Health Supplies/Supplements & Vitamins/Antioxidants,,,,
Pet Supplies/Dogs/Health Supplies/Supplements & Vitamins/Fish Oil Supplements,,,,
Pet Supplies/Dogs/Health Supplies/Supplements & Vitamins/Herbal Supplements,,,,
Pet Supplies/Dogs/Health Supplies/Supplements & Vitamins/Multivitamins,,,,
Pet Supplies/Dogs/Health Supplies/Supplements & Vitamins/Probiotics,,,,
Pet Supplies/Dogs/Health Supplies/Thermometers,,,,
Pet Supplies/Dogs/Health Supplies/Wormers,,,,
Pet Supplies/Dogs/Litter & Housebreaking,,,,
Pet Supplies/Dogs/Litter & Housebreaking/Diapers,,,,
Pet Supplies/Dogs/Litter & Housebreaking/Litter Box Liners,,,,
Pet Supplies/Dogs/Litter & Housebreaking/Litter Boxes,,,,
Pet Supplies/Dogs/Litter & Housebreaking/Odor & Stain Removers,,,,
Pet Supplies/Dogs/Litter & Housebreaking/Pooper Scoopers & Bags,,,,
Pet Supplies/Dogs/Litter & Housebreaking/Pooper Scoopers & Bags/Bags,,,,
Pet Supplies/Dogs/Litter & Housebreaking/Pooper Scoopers & Bags/Pooper Scooper Sets,,,,
Pet Supplies/Dogs/Litter & Housebreaking/Pooper Scoopers & Bags/Pooper Scoopers,,,,
Pet Supplies/Dogs/Litter & Housebreaking/Training Pads & Trays,,,,
Pet Supplies/Dogs/Litter & Housebreaking/Training Pads & Trays/Training Pads,,,,
Pet Supplies/Dogs/Litter & Housebreaking/Training Pads & Trays/Trays,,,,
Pet Supplies/Dogs/Litter & Housebreaking/Urine Detectors,,,,
Pet Supplies/Dogs/Memorials,,,,
Pet Supplies/Dogs/Toys,,,,
Pet Supplies/Dogs/Toys/Balls,,,,
Pet Supplies/Dogs/Toys/Chew Toys,,,,
Pet Supplies/Dogs/Toys/Flying Discs,,,,
Pet Supplies/Dogs/Toys/Ropes,,,,
Pet Supplies/Dogs/Toys/Squeak Toys,,,,
Pet Supplies/Dogs/Training & Behavior Aids,,,,
Pet Supplies/Dogs/Training & Behavior Aids/Agility Equipment,,,,
Pet Supplies/Dogs/Training & Behavior Aids/Agility Equipment/Dog Treadmills,,,,
Pet Supplies/Dogs/Training & Behavior Aids/Agility Equipment/Jumps,,,,
Pet Supplies/Dogs/Training & Behavior Aids/Agility Equipment/Poles,,,,
Pet Supplies/Dogs/Training & Behavior Aids/Agility Equipment/Tunnels,,,,
Pet Supplies/Dogs/Training & Behavior Aids/Bark Collars,,,,
Pet Supplies/Dogs/Training & Behavior Aids/Dog Whistles,,,,
Pet Supplies/Dogs/Training & Behavior Aids/Radio & Wireless Fences,,,,
Pet Supplies/Dogs/Training & Behavior Aids/Repellents,,,,
Pet Supplies/Dogs/Training & Behavior Aids/Repellents/Repellent Mats,,,,
Pet Supplies/Dogs/Training & Behavior Aids/Repellents/Sonic Repellents,,,,
Pet Supplies/Dogs/Training & Behavior Aids/Repellents/Spray Repellents,,,,
Pet Supplies/Dogs/Training & Behavior Aids/Sonic Bark Deterrents,,,,
Pet Supplies/Dogs/Training & Behavior Aids/Tie-Outs & Stakes,,,,
Pet Supplies/Dogs/Training & Behavior Aids/Tie-Outs & Stakes/Stakes,,,,
Pet Supplies/Dogs/Training & Behavior Aids/Tie-Outs & Stakes/Tie-Outs,,,,
Pet Supplies/Dogs/Training & Behavior Aids/Training Clickers,,,,
Pet Supplies/Dogs/Training & Behavior Aids/Training Collars,,,,
Pet Supplies/Dogs/Training & Behavior Aids/Training Leashes,,,,
Pet Supplies/Dogs/Treats,,,,
Pet Supplies/Dogs/Treats/Animal Ears,,,,
Pet Supplies/Dogs/Treats/Animal Ears/Cow Ears,,,,
Pet Supplies/Dogs/Treats/Animal Ears/Lamb Ears,,,,
Pet Supplies/Dogs/Treats/Animal Ears/Pig Ears,,,,
Pet Supplies/Dogs/Treats/Bones,,,,
"Pet Supplies/Dogs/Treats/Cookies, Biscuits & Snacks",,,,
"Pet Supplies/Dogs/Treats/Cookies, Biscuits & Snacks/Biscuits",,,,
"Pet Supplies/Dogs/Treats/Cookies, Biscuits & Snacks/Cookies",,,,
"Pet Supplies/Dogs/Treats/Cookies, Biscuits & Snacks/Snacks",,,,
Pet Supplies/Dogs/Treats/Hooves,,,,
Pet Supplies/Dogs/Treats/Jerky,,,,
Pet Supplies/Dogs/Treats/Rawhide,,,,
Pet Supplies/Dogs/Treats/Rawhide/Bones,,,,
Pet Supplies/Dogs/Treats/Rawhide/Chips,,,,
Pet Supplies/Dogs/Treats/Rawhide/Rolls,,,,
Pet Supplies/Dogs/Treats/Rawhide/Sticks & Twists,,,,
Pet Supplies/Fish & Aquatic Pets,,,,
Pet Supplies/Fish & Aquatic Pets/Aquarium Cleaners,,,,
Pet Supplies/Fish & Aquatic Pets/Aquarium Cleaners/Algae Scrapers,,,,
Pet Supplies/Fish & Aquatic Pets/Aquarium Cleaners/Aquarium Cleaner Sprays,,,,
Pet Supplies/Fish & Aquatic Pets/Aquarium Cleaners/Aquarium Nets,,,,
Pet Supplies/Fish & Aquatic Pets/Aquarium Cleaners/Gravel Cleaners,,,,
Pet Supplies/Fish & Aquatic Pets/Aquarium Cleaners/Water Changers,,,,
Pet Supplies/Fish & Aquatic Pets/Aquarium Décor,,,,
Pet Supplies/Fish & Aquatic Pets/Aquarium Décor/Backgrounds,,,,
Pet Supplies/Fish & Aquatic Pets/Aquarium Décor/Coral Ornaments,,,,
Pet Supplies/Fish & Aquatic Pets/Aquarium Décor/Decorative Marbles,,,,
Pet Supplies/Fish & Aquatic Pets/Aquarium Décor/Decorative Rocks,,,,
Pet Supplies/Fish & Aquatic Pets/Aquarium Décor/Ornaments,,,,
Pet Supplies/Fish & Aquatic Pets/Aquarium Décor/Plastic Plants,,,,
Pet Supplies/Fish & Aquatic Pets/Aquarium Décor/Tank Dividers,,,,
Pet Supplies/Fish & Aquatic Pets/Aquarium Décor/Wood,,,,
Pet Supplies/Fish & Aquatic Pets/Aquarium Heaters,,,,
Pet Supplies/Fish & Aquatic Pets/Aquarium Hoods,,,,
Pet Supplies/Fish & Aquatic Pets/Aquarium Hydrometers,,,,
Pet Supplies/Fish & Aquatic Pets/Aquarium Lights,,,,
Pet Supplies/Fish & Aquatic Pets/Aquarium Pumps & Filters,,,,
Pet Supplies/Fish & Aquatic Pets/Aquarium Pumps & Filters/Air Pump Accessories,,,,
Pet Supplies/Fish & Aquatic Pets/Aquarium Pumps & Filters/Air Pumps,,,,
Pet Supplies/Fish & Aquatic Pets/Aquarium Pumps & Filters/Filter Accessories,,,,
Pet Supplies/Fish & Aquatic Pets/Aquarium Pumps & Filters/Filters,,,,
Pet Supplies/Fish & Aquatic Pets/Aquarium Pumps & Filters/Water Pump Accessories,,,,
Pet Supplies/Fish & Aquatic Pets/Aquarium Pumps & Filters/Water Pumps,,,,
Pet Supplies/Fish & Aquatic Pets/Aquarium Stands,,,,
Pet Supplies/Fish & Aquatic Pets/Aquarium Substrate,,,,
Pet Supplies/Fish & Aquatic Pets/Aquarium Substrate/Gravel,,,,
Pet Supplies/Fish & Aquatic Pets/Aquarium Substrate/Sand,,,,
Pet Supplies/Fish & Aquatic Pets/Aquarium Test Kits,,,,
Pet Supplies/Fish & Aquatic Pets/Aquarium Thermometers,,,,
Pet Supplies/Fish & Aquatic Pets/Aquarium Water Treatments,,,,
Pet Supplies/Fish & Aquatic Pets/Aquariums & Fish Bowls,,,,
Pet Supplies/Fish & Aquatic Pets/Aquariums & Fish Bowls/Aquariums,,,,
Pet Supplies/Fish & Aquatic Pets/Aquariums & Fish Bowls/Fish Bowls,,,,
Pet Supplies/Fish & Aquatic Pets/Aquariums & Fish Bowls/Starter Kits,,,,
Pet Supplies/Fish & Aquatic Pets/Automatic Feeders,,,,
Pet Supplies/Fish & Aquatic Pets/Breeding Tanks,,,,
Pet Supplies/Fish & Aquatic Pets/Food,,,,
Pet Supplies/Fish & Aquatic Pets/Health Supplies,,,,
Pet Supplies/Horses,,,,
Pet Supplies/Horses/Blankets & Sheets,,,,
Pet Supplies/Horses/Blankets & Sheets/Blankets,,,,
Pet Supplies/Horses/Blankets & Sheets/Sheets,,,,
Pet Supplies/Horses/Boots & Wraps,,,,
Pet Supplies/Horses/Boots & Wraps/Boots,,,,
Pet Supplies/Horses/Boots & Wraps/Wraps,,,,
Pet Supplies/Horses/Farrier Supplies,,,,
Pet Supplies/Horses/Farrier Supplies/Horseshoe Nails,,,,
Pet Supplies/Horses/Farrier Supplies/Horseshoes,,,,
Pet Supplies/Horses/Farrier Supplies/Tools,,,,
Pet Supplies/Horses/Food,,,,
Pet Supplies/Horses/Grooming & Bathing Supplies,,,,
Pet Supplies/Horses/Grooming & Bathing Supplies/Brushes,,,,
Pet Supplies/Horses/Grooming & Bathing Supplies/Clippers,,,,
Pet Supplies/Horses/Grooming & Bathing Supplies/Coat Care,,,,
Pet Supplies/Horses/Grooming & Bathing Supplies/Combs,,,,
Pet Supplies/Horses/Grooming & Bathing Supplies/Hoof Picks,,,,
Pet Supplies/Horses/Health Supplies,,,,
Pet Supplies/Horses/Health Supplies/Digestive Aids,,,,
Pet Supplies/Horses/Health Supplies/Hip & Joint Care,,,,
Pet Supplies/Horses/Health Supplies/Hoof Care,,,,
Pet Supplies/Horses/Health Supplies/Liniments,,,,
Pet Supplies/Horses/Health Supplies/Salt Licks,,,,
Pet Supplies/Horses/Health Supplies/Vitamins & Supplements,,,,
Pet Supplies/Horses/Health Supplies/Vitamins & Supplements/Calming Supplements,,,,
Pet Supplies/Horses/Health Supplies/Vitamins & Supplements/Electrolyte Supplements,,,,
"Pet Supplies/Horses/Health Supplies/Vitamins & Supplements/Skin, Coat & Hoof Supplements",,,,
Pet Supplies/Horses/Health Supplies/Vitamins & Supplements/Vitamins & Minerals,,,,
Pet Supplies/Horses/Health Supplies/Vitamins & Supplements/Weight Building Supplements,,,,
Pet Supplies/Horses/Health Supplies/Wormers,,,,
Pet Supplies/Horses/Health Supplies/Wound Care,,,,
Pet Supplies/Horses/Pest Control,,,,
Pet Supplies/Horses/Pest Control/Fly Repellents,,,,
Pet Supplies/Horses/Pest Control/Masks,,,,
Pet Supplies/Horses/Pest Control/Wormers,,,,
Pet Supplies/Horses/Stable Supplies,,,,
Pet Supplies/Horses/Stable Supplies/Feeding & Watering Equipment,,,,
Pet Supplies/Horses/Stable Supplies/Feeding & Watering Equipment/Feeding Supplies,,,,
Pet Supplies/Horses/Stable Supplies/Feeding & Watering Equipment/Watering Supplies,,,,
Pet Supplies/Horses/Stable Supplies/Stall & Muck Supplies,,,,
Pet Supplies/Horses/Stable Supplies/Tack Care & Storage,,,,
Pet Supplies/Horses/Stable Supplies/Tack Care & Storage/Tack Care,,,,
Pet Supplies/Horses/Stable Supplies/Tack Care & Storage/Tack Storage,,,,
Pet Supplies/Horses/Toys,,,,
Pet Supplies/Horses/Toys/Balls,,,,
Pet Supplies/Horses/Toys/Chew Toys,,,,
Pet Supplies/Horses/Treats,,,,
Pet Supplies/Insects,,,,
Pet Supplies/Insects/Food,,,,
Pet Supplies/Insects/Health Supplies,,,,
Pet Supplies/Insects/Terrariums & Accessories,,,,
Pet Supplies/Reptiles & Amphibians,,,,
Pet Supplies/Reptiles & Amphibians/Food,,,,
Pet Supplies/Reptiles & Amphibians/Habitat Décor,,,,
Pet Supplies/Reptiles & Amphibians/Habitat Décor/Hideouts,,,,
Pet Supplies/Reptiles & Amphibians/Habitat Décor/Plants,,,,
Pet Supplies/Reptiles & Amphibians/Habitat Décor/Rocks,,,,
Pet Supplies/Reptiles & Amphibians/Habitat Décor/Trees,,,,
Pet Supplies/Reptiles & Amphibians/Habitat Décor/Vines,,,,
Pet Supplies/Reptiles & Amphibians/Habitat Décor/Waterfalls,,,,
Pet Supplies/Reptiles & Amphibians/Habitat Décor/Wood,,,,
Pet Supplies/Reptiles & Amphibians/Habitat Lighting,,,,
Pet Supplies/Reptiles & Amphibians/Health Supplies,,,,
Pet Supplies/Reptiles & Amphibians/Reptile Houses,,,,
"Pet Supplies/Reptiles & Amphibians/Terrarium Bedding, Sand & Substrate",,,,
"Pet Supplies/Reptiles & Amphibians/Terrarium Bedding, Sand & Substrate/Bedding",,,,
"Pet Supplies/Reptiles & Amphibians/Terrarium Bedding, Sand & Substrate/Sand",,,,
"Pet Supplies/Reptiles & Amphibians/Terrarium Bedding, Sand & Substrate/Substrate",,,,
Pet Supplies/Reptiles & Amphibians/Terrarium Bowls,,,,
Pet Supplies/Reptiles & Amphibians/Terrarium Covers,,,,
Pet Supplies/Reptiles & Amphibians/Terrarium Heat Lamps & Mats,,,,
Pet Supplies/Reptiles & Amphibians/Terrarium Heat Lamps & Mats/Heat Lamps,,,,
Pet Supplies/Reptiles & Amphibians/Terrarium Heat Lamps & Mats/Heat Mats,,,,
Pet Supplies/Reptiles & Amphibians/Terrarium Hygrometers,,,,
Pet Supplies/Reptiles & Amphibians/Terrarium Thermometers,,,,
Pet Supplies/Reptiles & Amphibians/Terrariums,,,,
Pet Supplies/Small Animals,,,,
Pet Supplies/Small Animals/Carriers,,,,
"Pet Supplies/Small Animals/Collars, Harnesses & Leashes",,,,
"Pet Supplies/Small Animals/Collars, Harnesses & Leashes/Collars",,,,
"Pet Supplies/Small Animals/Collars, Harnesses & Leashes/Harnesses",,,,
"Pet Supplies/Small Animals/Collars, Harnesses & Leashes/Leashes",,,,
Pet Supplies/Small Animals/Exercise Wheels,,,,
Pet Supplies/Small Animals/Feeding & Watering Supplies,,,,
Pet Supplies/Small Animals/Feeding & Watering Supplies/Automatic Feeders,,,,
Pet Supplies/Small Animals/Feeding & Watering Supplies/Bowls,,,,
Pet Supplies/Small Animals/Feeding & Watering Supplies/Water Bottles,,,,
Pet Supplies/Small Animals/Food,,,,
Pet Supplies/Small Animals/Grooming,,,,
Pet Supplies/Small Animals/Grooming/Brushes,,,,
Pet Supplies/Small Animals/Grooming/Combs,,,,
Pet Supplies/Small Animals/Grooming/Deodorizers,,,,
Pet Supplies/Small Animals/Grooming/Nail Care,,,,
Pet Supplies/Small Animals/Health Supplies,,,,
Pet Supplies/Small Animals/Houses & Habitats,,,,
Pet Supplies/Small Animals/Houses & Habitats/Bedding & Litter,,,,
Pet Supplies/Small Animals/Houses & Habitats/Bedding & Litter/Bedding,,,,
Pet Supplies/Small Animals/Houses & Habitats/Bedding & Litter/Litter,,,,
Pet Supplies/Small Animals/Houses & Habitats/Beds,,,,
Pet Supplies/Small Animals/Houses & Habitats/Cages,,,,
Pet Supplies/Small Animals/Houses & Habitats/Habitat Décor,,,,
Pet Supplies/Small Animals/Houses & Habitats/Tubes & Tunnels,,,,
Pet Supplies/Small Animals/Odor & Stain Removers,,,,
Pet Supplies/Small Animals/Toys,,,,
Pet Supplies/Small Animals/Treats,,,,
App-Enabled Cat Collars,,,,
App-Enabled Cat Collars,,,,
App-Enabled Cat Collars,,,,
App-Enabled Cat Collars,,,,
App-Enabled Cat Collars,,,,
App-Enabled Cat Collars,,,,
App-Enabled Cat Collars,,,,
App-Enabled Cat Collars,,,,
App-Enabled Dog Collars,,,,
App-Enabled Dog Collars,,,,
App-Enabled Dog Collars,,,,
App-Enabled Dog Collars,,,,
App-Enabled Dog Collars,,,,
App-Enabled Dog Collars,,,,
App-Enabled Dog Collars,,,,
App-Enabled Smart Cat Tags,,,,
App-Enabled Smart Cat Tags,,,,
App-Enabled Smart Cat Tags,,,,
App-Enabled Smart Dog Tags,,,,
App-Enabled Smart Dog Tags,,,,
App-Enabled Smart Dog Tags,,,,
Aquarium Gravel,,,,
Aquarium Hoods,,,,
Aquarium Lights,,,,
Aquarium Marbles,,,,
Aquarium Marbles,,,,
Aquarium Sand,,,,
Aquarium Stands,,,,
Aquarium Substrate,,,,
Aquariums,,,,
Bark Collars,,,,
Bark Collars,,,,
Bark Collars,,,,
Bark Collars,,,,
Bark Collars,,,,
Bark Collars,,,,
Basic Dog Collars,,,,
Basic Dog Collars,,,,
Basic Dog Collars,,,,
Basic Dog Collars,,,,
Basic Dog Collars,,,,
Basic Dog Collars,,,,
Bird Carriers,,,,
Bird Food,,,,
Bird Toys,,,,
Canned Cat Food,,,,
Canned Cat Food,,,,
Canned Cat Food,,,,
Canned Cat Food,,,,
Canned Dog Food,,,,
Canned Dog Food,,,,
Canned Dog Food,,,,
Canned Dog Food,,,,
Canned Dog Food,,,,
Cat Activity Trees,,,,
Cat Activity Trees,,,,
Cat Apparel,,,,
Cat Apparel,,,,
Cat Bed Blankets,,,,
Cat Bed Blankets,,,,
Cat Bed Liners,,,,
Cat Bed Liners,,,,
Cat Bed Mats,,,,
Cat Bed Mats,,,,
Cat Beds,,,,
Cat Beds,,,,
Cat Beds,,,,
Cat Beds,,,,
Cat Beds & Furniture,,,,
Cat Beds & Furniture,,,,
Cat Beds & Sofas,,,,
Cat Beds & Sofas,,,,
Cat Beds & Sofas,,,,
Cat Beds & Sofas,,,,
Cat Carriers,,,,
Cat Carriers,,,,
Cat Carriers,,,,
Cat Carriers,,,,
Cat Carriers,,,,
Cat Carriers,,,,
Cat Carriers & Strollers,,,,
Cat Collar Accessories,,,,
Cat Collar Accessories,,,,
Cat Collar Accessories,,,,
Cat Collar Accessories,,,,
Cat Collar Accessories,,,,
Cat Collar Accessories,,,,
Cat Collar Bells,,,,
Cat Collar Charms,,,,
Cat Collar Lights,,,,
Cat Collars,,,,
Cat Collars,,,,
Cat Collars,,,,
Cat Collars,,,,
Cat Collars,,,,
Cat Collars,,,,
"Cat Collars, Harnesses & Leashes",,,,
Cat Conditioners,,,,
Cat Feather Toys,,,,
Cat Food,,,,
Cat Food,,,,
Cat Food,,,,
Cat Food,,,,
Cat Food Pouches,,,,
Cat Food Pouches,,,,
Cat Food Pouches,,,,
Cat Food Pouches,,,,
Cat Food Rolls,,,,
Cat Food Rolls,,,,
Cat Food Rolls,,,,
Cat Food Rolls,,,,
"Cat Food Toppings, Gravies & Sauces",,,,
"Cat Food Toppings, Gravies & Sauces",,,,
"Cat Food Toppings, Gravies & Sauces",,,,
"Cat Food Toppings, Gravies & Sauces",,,,
Cat Hard-Sided Carriers,,,,
Cat Hard-Sided Carriers,,,,
Cat Hard-Sided Carriers,,,,
Cat Hard-Sided Carriers,,,,
Cat Hard-Sided Carriers,,,,
Cat Hard-Sided Carriers,,,,
Cat Harnesses,,,,
Cat Harnesses,,,,
Cat Houses & Condos,,,,
Cat Houses & Condos,,,,
Cat ID Tags,,,,
Cat ID Tags,,,,
Cat Leashes,,,,
Cat Leashes,,,,
Cat Mice & Animals Toys,,,,
Cat Scratching Pads,,,,
Cat Scratching Pads,,,,
Cat Scratching Posts,,,,
Cat Scratching Posts,,,,
Cat Shampoos,,,,
Cat Shampoos & Conditioners,,,,
Cat Shampoos Plus Conditioners,,,,
Cat Snacks,,,,
Cat Snacks,,,,
Cat Sofas,,,,
Cat Sofas,,,,
Cat Sofas,,,,
Cat Sofas,,,,
Cat Soft-Sided Carriers,,,,
Cat Soft-Sided Carriers,,,,
Cat Soft-Sided Carriers,,,,
Cat Soft-Sided Carriers,,,,
Cat Soft-Sided Carriers,,,,
Cat Soft-Sided Carriers,,,,
Cat Strollers,,,,
Cat Toy Balls,,,,
Cat Toys,,,,
Cat Treats,,,,
Cat Treats,,,,
Cat Window Perches,,,,
Cat Window Perches,,,,
Catnip,,,,
Catnip,,,,
Catnip Toys,,,,
Cow Ear Dog Treats,,,,
Cow Ear Dog Treats,,,,
Dehydrated & Freeze-Dried Cat Food,,,,
Dehydrated & Freeze-Dried Cat Food,,,,
Dehydrated & Freeze-Dried Cat Food,,,,
Dehydrated & Freeze-Dried Cat Food,,,,
Dehydrated & Freeze-Dried Dog Food,,,,
Dehydrated & Freeze-Dried Dog Food,,,,
Dehydrated & Freeze-Dried Dog Food,,,,
Dehydrated & Freeze-Dried Dog Food,,,,
Dehydrated & Freeze-Dried Dog Food,,,,
Dehydrated Cat Food,,,,
Dehydrated Cat Food,,,,
Dehydrated Cat Food,,,,
Dehydrated Cat Food,,,,
Dehydrated Dog Food,,,,
Dehydrated Dog Food,,,,
Dehydrated Dog Food,,,,
Dehydrated Dog Food,,,,
Dehydrated Dog Food,,,,
Dog Apparel & Accessories,,,,
Dog Apparel & Accessories,,,,
Dog Backpacks,,,,
Dog Backpacks,,,,
Dog Bandanas,,,,
Dog Bandanas,,,,
Dog Bed Blankets,,,,
Dog Bed Blankets,,,,
Dog Bed Covers,,,,
Dog Bed Covers,,,,
Dog Bed Covers,,,,
Dog Bed Covers,,,,
Dog Bed Liners,,,,
Dog Bed Liners,,,,
Dog Bed Mats,,,,
Dog Bed Mats,,,,
Dog Bed Pillows,,,,
Dog Bed Pillows,,,,
Dog Beds,,,,
Dog Beds,,,,
Dog Beds,,,,
Dog Beds,,,,
Dog Beds,,,,
Dog Beds,,,,
Dog Beds & Furniture,,,,
Dog Beds & Furniture,,,,
Dog Bicycle Carriers,,,,
Dog Bicycle Trailers,,,,
Dog Biscuits,,,,
Dog Biscuits,,,,
Dog Bones,,,,
Dog Bones,,,,
Dog Booster Seats,,,,
Dog Boots,,,,
Dog Boots,,,,
Dog Boots & Paw Protectors,,,,
Dog Boots & Paw Protectors,,,,
Dog Car Barriers,,,,
Dog Car Harnesses,,,,
Dog Car Harnesses,,,,
Dog Car Ramps,,,,
Dog Car Seat Covers,,,,
Dog Car Travel Accessories,,,,
Dog Carrier Backpacks,,,,
Dog Carrier Purses,,,,
Dog Carrier Slings,,,,
Dog Carriers,,,,
Dog Carriers,,,,
Dog Carriers,,,,
Dog Carriers,,,,
Dog Carriers,,,,
Dog Carriers,,,,
Dog Carriers & Travel Products,,,,
Dog Chew Toys,,,,
Dog Cold Weather Coats,,,,
Dog Cold Weather Coats,,,,
Dog Collar Accessories,,,,
Dog Collar Accessories,,,,
Dog Collar Accessories,,,,
Dog Collar Accessories,,,,
Dog Collar Accessories,,,,
Dog Collar Charms,,,,
Dog Collars,,,,
Dog Collars,,,,
Dog Collars,,,,
Dog Collars,,,,
Dog Collars,,,,
"Dog Collars, Harnesses & Leashes",,,,
Dog Conditioners,,,,
Dog Cookies,,,,
Dog Cookies,,,,
Dog Costumes,,,,
Dog Costumes,,,,
Dog Crates,,,,
Dog Crates,,,,
Dog Crates,,,,
Dog Crates,,,,
Dog Crates,,,,
Dog Crates,,,,
Dog Crates,,,,
Dog Crates & Kennels,,,,
Dog Crates & Kennels,,,,
Dog Crates & Kennels,,,,
Dog Crates & Kennels,,,,
Dog Crates & Kennels,,,,
Dog Crates & Kennels,,,,
Dog Crates & Kennels,,,,
Dog Double Leashes,,,,
Dog Double Leashes,,,,
Dog Double Leashes,,,,
Dog Dresses,,,,
Dog Dresses,,,,
Dog Flying Discs,,,,
Dog Food,,,,
Dog Food,,,,
Dog Food,,,,
Dog Food,,,,
Dog Food,,,,
Dog Food Pouches,,,,
Dog Food Pouches,,,,
Dog Food Pouches,,,,
Dog Food Pouches,,,,
Dog Food Pouches,,,,
Dog Food Rolls,,,,
Dog Food Rolls,,,,
Dog Food Rolls,,,,
Dog Food Rolls,,,,
Dog Food Rolls,,,,
"Dog Food Toppings, Gravies & Sauces",,,,
"Dog Food Toppings, Gravies & Sauces",,,,
"Dog Food Toppings, Gravies & Sauces",,,,
"Dog Food Toppings, Gravies & Sauces",,,,
"Dog Food Toppings, Gravies & Sauces",,,,
Dog Hair Accessories,,,,
Dog Hair Accessories,,,,
Dog Halter Harnesses,,,,
Dog Halter Harnesses,,,,
Dog Hands Free Leashes,,,,
Dog Hands Free Leashes,,,,
Dog Hands Free Leashes,,,,
Dog Hard-Sided Carriers,,,,
Dog Hard-Sided Carriers,,,,
Dog Hard-Sided Carriers,,,,
Dog Hard-Sided Carriers,,,,
Dog Hard-Sided Carriers,,,,
Dog Hard-Sided Carriers,,,,
Dog Harnesses,,,,
Dog Harnesses,,,,
Dog Hats,,,,
Dog Hats,,,,
Dog Hoodies,,,,
Dog Hoodies,,,,
Dog ID Tags,,,,
Dog ID Tags,,,,
Dog Jerky Treats,,,,
Dog Jerky Treats,,,,
Dog Kennels,,,,
Dog Kennels,,,,
Dog Kennels,,,,
Dog Kennels,,,,
Dog Kennels,,,,
Dog Kennels,,,,
Dog Kennels,,,,
Dog Leashes,,,,
Dog Leashes,,,,
Dog Leashes,,,,
Dog Lifejackets,,,,
Dog Lifejackets,,,,
Dog Muzzles,,,,
Dog Necklaces,,,,
Dog Necklaces,,,,
Dog Paw Protectors,,,,
Dog Paw Protectors,,,,
Dog Pinch Collars,,,,
Dog Pinch Collars,,,,
Dog Pinch Collars,,,,
Dog Pinch Collars,,,,
Dog Pinch Collars,,,,
Dog Raincoats,,,,
Dog Raincoats,,,,
Dog Rawhide Bones,,,,
Dog Rawhide Bones,,,,
Dog Rawhide Chips,,,,
Dog Rawhide Chips,,,,
Dog Rawhide Rolls,,,,
Dog Rawhide Rolls,,,,
Dog Rawhide Sticks,,,,
Dog Rawhide Sticks,,,,
Dog Rawhide Treats,,,,
Dog Rawhide Treats,,,,
Dog Retractable Leashes,,,,
Dog Retractable Leashes,,,,
Dog Retractable Leashes,,,,
Dog Rope Toys,,,,
Dog Shampoos,,,,
Dog Shampoos & Conditioners,,,,
Dog Shampoos Plus Conditioners,,,,
Dog Shirts,,,,
Dog Shirts,,,,
Dog Snacks,,,,
Dog Snacks,,,,
Dog Sofas & Chairs,,,,
Dog Sofas & Chairs,,,,
Dog Soft-Sided Carriers,,,,
Dog Soft-Sided Carriers,,,,
Dog Soft-Sided Carriers,,,,
Dog Soft-Sided Carriers,,,,
Dog Soft-Sided Carriers,,,,
Dog Soft-Sided Carriers,,,,
Dog Squeak Toys,,,,
Dog Stairs,,,,
Dog Stairs,,,,
Dog Stairs & Steps,,,,
Dog Stairs & Steps,,,,
Dog Steps,,,,
Dog Steps,,,,
Dog Strollers,,,,
Dog Sunglasses,,,,
Dog Sunglasses,,,,
Dog Sweaters,,,,
Dog Sweaters,,,,
Dog Toy Balls,,,,
Dog Toys,,,,
Dog Treat Animal Ears,,,,
Dog Treat Animal Ears,,,,
"Dog Treat Cookies, Biscuits & Snacks",,,,
"Dog Treat Cookies, Biscuits & Snacks",,,,
Dog Treats,,,,
Dog Treats,,,,
Dog Treats Hooves,,,,
Dog Treats Hooves,,,,
Dog Vest Harnesses,,,,
Dog Vest Harnesses,,,,
Dry Cat Food,,,,
Dry Cat Food,,,,
Dry Cat Food,,,,
Dry Cat Food,,,,
Dry Dog Food,,,,
Dry Dog Food,,,,
Dry Dog Food,,,,
Dry Dog Food,,,,
Dry Dog Food,,,,
Fish Food,,,,
Fish Food,,,,
Freeze-Dried Cat Food,,,,
Freeze-Dried Cat Food,,,,
Freeze-Dried Cat Food,,,,
Freeze-Dried Cat Food,,,,
Freeze-Dried Dog Food,,,,
Freeze-Dried Dog Food,,,,
Freeze-Dried Dog Food,,,,
Freeze-Dried Dog Food,,,,
Freeze-Dried Dog Food,,,,
Frozen Cat Food,,,,
Frozen Cat Food,,,,
Frozen Cat Food,,,,
Frozen Cat Food,,,,
Frozen Dog Food,,,,
Frozen Dog Food,,,,
Frozen Dog Food,,,,
Frozen Dog Food,,,,
Frozen Dog Food,,,,
Headcollars,,,,
Headcollars,,,,
Headcollars,,,,
Headcollars,,,,
Headcollars,,,,
Indoor Safety Gates,,,,
Indoor Safety Gates,,,,
Indoor Safety Gates,,,,
Indoor Safety Gates,,,,
Lamb Ear Dog Treats,,,,
Lamb Ear Dog Treats,,,,
Pig Ear Dog Treats,,,,
Pig Ear Dog Treats,,,,
Reptile & Amphibian Food,,,,
Slip & Martingale Collars,,,,
Slip & Martingale Collars,,,,
Slip & Martingale Collars,,,,
Slip & Martingale Collars,,,,
Slip & Martingale Collars,,,,
Small Animal Beds,,,,
Small Animal Beds,,,,
Small Animal Beds,,,,
Small Animal Carriers,,,,
Small Animal Collars,,,,
Small Animal Collars,,,,
"Small Animal Collars, Leashes & Harnesses",,,,
"Small Animal Collars, Leashes & Harnesses",,,,
Small Animal Food,,,,
Small Animal Harnesses,,,,
Small Animal Harnesses,,,,
Small Animal Leashes,,,,
Small Animal Leashes,,,,
Small Animal Leashes,,,,
Small Animal Toys,,,,
Standard Dog Leashes,,,,
Standard Dog Leashes,,,,
Standard Dog Leashes,,,,
Wet Cat Food,,,,
Wet Cat Food,,,,
Wet Cat Food,,,,
Wet Cat Food,,,,
Wet Dog Food,,,,
Wet Dog Food,,,,
Wet Dog Food,,,,
Wet Dog Food,,,,
Wet Dog Food,,,,