early childhood,,,,
everyone,,,,
everyone 10 plus,,,,
teen,,,,
mature,,,,
adults only,,,,
rating pending,,,,
action-game-genre,,,,
adventure-game-genre,,,,
anime-game-genre,,,,
arcade-game-genre,,,,
board-game-genre,,,,
break-out-game-genre,,,,
card-playing-game-genre,,,,
casino-game-genre,,,,
educational-game-genre,,,,
fighting-action-game-genre,,,,
flying-game-genre,,,,
health-and-fitness-game-genre,,,,
horror-action-games,,,,
mmo-and-free-to-play-game-genre,,,,
mah-jong-game-genre,,,,
match-3-game-genre,,,,
military-and-espionage-action-game-genre,,,,
rhythm-game-genre,,,,
dancing-game-genre,,,,
musical-instrument-game-genre,,,,
singing-game-genre,,,,
puzzle-game-genre,,,,
racing-game-genre,,,,
role-playing-game-genre,,,,
seek-and-find-game-genre,,,,
shooter-action-game-genre,,,,
simulation-game-genre,,,,
driving-simulation-game-genre,,,,
flight-simulation-game-genre,,,,
life-simulation-game-genre,,,,
sports-and-outdoors-game-genre,,,,
baseball-game-genre,,,,
basketball-game-genre,,,,
inline-skating-game-genre,,,,
skateboarding-game-genre,,,,
snowboarding-game-genre,,,,
boxing-game-genre,,,,
football-game-genre,,,,
golf-game-genre,,,,
ice-hockey-game-genre,,,,
fishing-game-genre,,,,
hunting-game-genre,,,,
soccer-game-genre,,,,
wrestling-game-genre,,,,
strategy-game-genre,,,,
real-time-strategy-game-genre,,,,
turn-based-strategy-game-genre,,,,
time-management-game-genre,,,,
trivia-game-genre,,,,
word-based-game-genre,,,,
base game,,,,
subscriptions,,,,
spell/ability,,,,
armor,,,,
boost,,,,
housing/building,,,,
character,,,,
clothing/accessories,,,,
food/drink,,,,
furniture/home accessories,,,,
in-game currency,,,,
map/level,,,,
mount,,,,
pets,,,,
potion,,,,
quest,,,,
starter pack,,,,
vehicle/transportation,,,,
weapon,,,,
other,,,,
single player,,,,
multiplayer,,,,
drm-free,,,,
none,,,,
desura,,,,
games for windows live,,,,
origin,,,,
playstation network,,,,
securom,,,,
steam,,,,
uplay,,,,
xbox live,,,,
casual-games,,,,
core-games,,,,
windows 8,,,,
windows 7,,,,
windows vista,,,,
windows xp,,,,
windows me,,,,
windows 2000,,,,
windows nt,,,,
windows 98,,,,
windows 95,,,,
dos,,,,
compatible,,,,
Video Games,,,,
Video Games/Accessories,,,,
Video Games/Accessories/Mac,,,,
Video Games/Accessories/Mac/Controllers,,,,
Video Games/Accessories/Mac/Controllers/Flight Controls,,,,
Video Games/Accessories/Mac/Controllers/Gamepads & Standard Controllers,,,,
Video Games/Accessories/Mac/Controllers/Joysticks,,,,
Video Games/Accessories/Mac/Controllers/Light Guns,,,,
Video Games/Accessories/Mac/Controllers/Music Controllers,,,,
Video Games/Accessories/Mac/Controllers/Music Controllers/Drums,,,,
Video Games/Accessories/Mac/Controllers/Music Controllers/Drumsticks,,,,
Video Games/Accessories/Mac/Controllers/Music Controllers/Guitars,,,,
Video Games/Accessories/Mac/Controllers/Music Controllers/Keyboards,,,,
Video Games/Accessories/Mac/Controllers/Music Controllers/Microphones,,,,
Video Games/Accessories/Mac/Controllers/Steering Wheels,,,,
Video Games/Accessories/Mac/Gaming Keyboards,,,,
Video Games/Accessories/Mac/Gaming Mice,,,,
Video Games/Accessories/Mac/Headsets,,,,
Video Games/Accessories/More Systems,,,,
Video Games/Accessories/More Systems/3DO,,,,
Video Games/Accessories/More Systems/Atari 2600,,,,
Video Games/Accessories/More Systems/Atari 5200,,,,
Video Games/Accessories/More Systems/Atari 7800,,,,
Video Games/Accessories/More Systems/Atari Jaguar,,,,
Video Games/Accessories/More Systems/Atari Lynx,,,,
Video Games/Accessories/More Systems/ColecoVision,,,,
Video Games/Accessories/More Systems/Commodore  Amiga,,,,
Video Games/Accessories/More Systems/Commodore 64,,,,
Video Games/Accessories/More Systems/Game Boy,,,,
Video Games/Accessories/More Systems/Game Boy Advance,,,,
Video Games/Accessories/More Systems/Game Boy Color,,,,
Video Games/Accessories/More Systems/GameCube,,,,
Video Games/Accessories/More Systems/Intellivision,,,,
Video Games/Accessories/More Systems/NEOGEO Pocket,,,,
Video Games/Accessories/More Systems/Nintendo 64,,,,
Video Games/Accessories/More Systems/Nintendo NES,,,,
Video Games/Accessories/More Systems/Ouya,,,,
Video Games/Accessories/More Systems/PlayStation,,,,
Video Games/Accessories/More Systems/PlayStation 2,,,,
Video Games/Accessories/More Systems/Sega CD,,,,
Video Games/Accessories/More Systems/Sega Dreamcast,,,,
Video Games/Accessories/More Systems/Sega Game Gear,,,,
Video Games/Accessories/More Systems/Sega Genesis,,,,
Video Games/Accessories/More Systems/Sega Master System,,,,
Video Games/Accessories/More Systems/Sega Saturn,,,,
Video Games/Accessories/More Systems/Super Nintendo,,,,
Video Games/Accessories/More Systems/TurboGrafx 16,,,,
Video Games/Accessories/More Systems/Xbox,,,,
Video Games/Accessories/Nintendo 3DS,,,,
Video Games/Accessories/Nintendo 3DS/Accessory Kits,,,,
Video Games/Accessories/Nintendo 3DS/Batteries & Chargers,,,,
Video Games/Accessories/Nintendo 3DS/Batteries & Chargers/Batteries,,,,
Video Games/Accessories/Nintendo 3DS/Batteries & Chargers/Battery & Charger Sets,,,,
Video Games/Accessories/Nintendo 3DS/Batteries & Chargers/Chargers,,,,
Video Games/Accessories/Nintendo 3DS/Cables & Adapters,,,,
Video Games/Accessories/Nintendo 3DS/Cables & Adapters/Adapters,,,,
Video Games/Accessories/Nintendo 3DS/Cables & Adapters/Cable & Adapter Sets,,,,
Video Games/Accessories/Nintendo 3DS/Cables & Adapters/Cables,,,,
Video Games/Accessories/Nintendo 3DS/Cases & Storage,,,,
Video Games/Accessories/Nintendo 3DS/Cases & Storage/Case & Storage Sets,,,,
Video Games/Accessories/Nintendo 3DS/Cases & Storage/Cases,,,,
Video Games/Accessories/Nintendo 3DS/Cases & Storage/Storage,,,,
Video Games/Accessories/Nintendo 3DS/Cleaning Supplies,,,,
"Video Games/Accessories/Nintendo 3DS/Faceplates, Protectors & Skins",,,,
"Video Games/Accessories/Nintendo 3DS/Faceplates, Protectors & Skins/Faceplates",,,,
"Video Games/Accessories/Nintendo 3DS/Faceplates, Protectors & Skins/Screen Protectors",,,,
"Video Games/Accessories/Nintendo 3DS/Faceplates, Protectors & Skins/Skin & Protector Sets",,,,
"Video Games/Accessories/Nintendo 3DS/Faceplates, Protectors & Skins/Skins",,,,
Video Games/Accessories/Nintendo 3DS/Hand Grips,,,,
Video Games/Accessories/Nintendo 3DS/Headsets,,,,
Video Games/Accessories/Nintendo 3DS/Repair Tools & Replacement Parts,,,,
Video Games/Accessories/Nintendo 3DS/Repair Tools & Replacement Parts/Repair Kits,,,,
Video Games/Accessories/Nintendo 3DS/Repair Tools & Replacement Parts/Repair Tools,,,,
Video Games/Accessories/Nintendo 3DS/Repair Tools & Replacement Parts/Replacement Parts,,,,
Video Games/Accessories/Nintendo 3DS/Stands,,,,
Video Games/Accessories/Nintendo 3DS/Stylus Pens,,,,
Video Games/Accessories/Nintendo DS,,,,
Video Games/Accessories/Nintendo DS/Accessory Kits,,,,
Video Games/Accessories/Nintendo DS/Batteries & Chargers,,,,
Video Games/Accessories/Nintendo DS/Batteries & Chargers/Batteries,,,,
Video Games/Accessories/Nintendo DS/Batteries & Chargers/Battery & Charger Sets,,,,
Video Games/Accessories/Nintendo DS/Batteries & Chargers/Chargers,,,,
Video Games/Accessories/Nintendo DS/Cables & Adapters,,,,
Video Games/Accessories/Nintendo DS/Cables & Adapters/Adapters,,,,
Video Games/Accessories/Nintendo DS/Cables & Adapters/Cable & Adapter Sets,,,,
Video Games/Accessories/Nintendo DS/Cables & Adapters/Cables,,,,
Video Games/Accessories/Nintendo DS/Cases & Storage,,,,
Video Games/Accessories/Nintendo DS/Cases & Storage/Case & Storage Sets,,,,
Video Games/Accessories/Nintendo DS/Cases & Storage/Cases,,,,
Video Games/Accessories/Nintendo DS/Cases & Storage/Storage,,,,
Video Games/Accessories/Nintendo DS/Cleaning Supplies,,,,
"Video Games/Accessories/Nintendo DS/Faceplates, Protectors & Skins",,,,
"Video Games/Accessories/Nintendo DS/Faceplates, Protectors & Skins/Faceplates",,,,
"Video Games/Accessories/Nintendo DS/Faceplates, Protectors & Skins/Screen Protectors",,,,
"Video Games/Accessories/Nintendo DS/Faceplates, Protectors & Skins/Skin & Protector Sets",,,,
"Video Games/Accessories/Nintendo DS/Faceplates, Protectors & Skins/Skins",,,,
Video Games/Accessories/Nintendo DS/Hand Grips,,,,
Video Games/Accessories/Nintendo DS/Headsets,,,,
Video Games/Accessories/Nintendo DS/Repair Tools & Replacement Parts,,,,
Video Games/Accessories/Nintendo DS/Repair Tools & Replacement Parts/Repair Kits,,,,
Video Games/Accessories/Nintendo DS/Repair Tools & Replacement Parts/Repair Tools,,,,
Video Games/Accessories/Nintendo DS/Repair Tools & Replacement Parts/Replacement Parts,,,,
Video Games/Accessories/Nintendo DS/Stands,,,,
Video Games/Accessories/Nintendo DS/Stylus Pens,,,,
Video Games/Accessories/PC,,,,
Video Games/Accessories/PC/Controllers,,,,
Video Games/Accessories/PC/Controllers/Flight Controls,,,,
Video Games/Accessories/PC/Controllers/Gamepads & Standard Controllers,,,,
Video Games/Accessories/PC/Controllers/Joysticks,,,,
Video Games/Accessories/PC/Controllers/Light Guns,,,,
Video Games/Accessories/PC/Controllers/Music Controllers,,,,
Video Games/Accessories/PC/Controllers/Music Controllers/Drums,,,,
Video Games/Accessories/PC/Controllers/Music Controllers/Drumsticks,,,,
Video Games/Accessories/PC/Controllers/Music Controllers/Guitars,,,,
Video Games/Accessories/PC/Controllers/Music Controllers/Keyboards,,,,
Video Games/Accessories/PC/Controllers/Music Controllers/Microphones,,,,
Video Games/Accessories/PC/Controllers/Racing Wheels,,,,
Video Games/Accessories/PC/Gaming Keyboards,,,,
Video Games/Accessories/PC/Gaming Mice,,,,
Video Games/Accessories/PC/Headsets,,,,
Video Games/Accessories/PlayStation 3,,,,
Video Games/Accessories/PlayStation 3/Accessory Kits,,,,
Video Games/Accessories/PlayStation 3/Batteries & Chargers,,,,
Video Games/Accessories/PlayStation 3/Batteries & Chargers/Batteries,,,,
Video Games/Accessories/PlayStation 3/Batteries & Chargers/Battery & Charger Sets,,,,
Video Games/Accessories/PlayStation 3/Batteries & Chargers/Chargers,,,,
Video Games/Accessories/PlayStation 3/Cables & Adapters,,,,
Video Games/Accessories/PlayStation 3/Cables & Adapters/Adapters,,,,
Video Games/Accessories/PlayStation 3/Cables & Adapters/Cable & Adapter Sets,,,,
Video Games/Accessories/PlayStation 3/Cables & Adapters/Cables,,,,
Video Games/Accessories/PlayStation 3/Cases & Storage,,,,
Video Games/Accessories/PlayStation 3/Cases & Storage/Case & Storage Sets,,,,
Video Games/Accessories/PlayStation 3/Cases & Storage/Cases,,,,
Video Games/Accessories/PlayStation 3/Cases & Storage/Storage,,,,
Video Games/Accessories/PlayStation 3/Cleaning Supplies,,,,
Video Games/Accessories/PlayStation 3/Controllers,,,,
Video Games/Accessories/PlayStation 3/Controllers/Dance Pads,,,,
Video Games/Accessories/PlayStation 3/Controllers/Gamepads & Standard Controllers,,,,
Video Games/Accessories/PlayStation 3/Controllers/Joysticks,,,,
Video Games/Accessories/PlayStation 3/Controllers/Keyboards,,,,
Video Games/Accessories/PlayStation 3/Controllers/Motion Controllers,,,,
Video Games/Accessories/PlayStation 3/Controllers/Music Controllers,,,,
Video Games/Accessories/PlayStation 3/Controllers/Music Controllers/Drums,,,,
Video Games/Accessories/PlayStation 3/Controllers/Music Controllers/Drumsticks,,,,
Video Games/Accessories/PlayStation 3/Controllers/Music Controllers/Guitars,,,,
Video Games/Accessories/PlayStation 3/Controllers/Music Controllers/Keyboards,,,,
Video Games/Accessories/PlayStation 3/Controllers/Music Controllers/Microphones,,,,
Video Games/Accessories/PlayStation 3/Controllers/Racing Wheels,,,,
Video Games/Accessories/PlayStation 3/Controllers/Remotes,,,,
Video Games/Accessories/PlayStation 3/Cooling Systems,,,,
"Video Games/Accessories/PlayStation 3/Faceplates, Protectors & Skins",,,,
"Video Games/Accessories/PlayStation 3/Faceplates, Protectors & Skins/Faceplates",,,,
"Video Games/Accessories/PlayStation 3/Faceplates, Protectors & Skins/Protectors",,,,
"Video Games/Accessories/PlayStation 3/Faceplates, Protectors & Skins/Skin & Protector Sets",,,,
"Video Games/Accessories/PlayStation 3/Faceplates, Protectors & Skins/Skins",,,,
Video Games/Accessories/PlayStation 3/Headsets,,,,
Video Games/Accessories/PlayStation 3/Memory,,,,
"Video Games/Accessories/PlayStation 3/Mounts, Brackets & Stands",,,,
"Video Games/Accessories/PlayStation 3/Mounts, Brackets & Stands/Brackets",,,,
"Video Games/Accessories/PlayStation 3/Mounts, Brackets & Stands/Mount & Bracket Sets",,,,
"Video Games/Accessories/PlayStation 3/Mounts, Brackets & Stands/Mounts",,,,
"Video Games/Accessories/PlayStation 3/Mounts, Brackets & Stands/Stands",,,,
Video Games/Accessories/PlayStation 3/Repair Tools & Replacement Parts,,,,
Video Games/Accessories/PlayStation 3/Repair Tools & Replacement Parts/Repair Kits,,,,
Video Games/Accessories/PlayStation 3/Repair Tools & Replacement Parts/Repair Tools,,,,
Video Games/Accessories/PlayStation 3/Repair Tools & Replacement Parts/Replacement Parts,,,,
Video Games/Accessories/PlayStation 3/Repair Tools & Replacement Parts/Replacement Parts/Card Slots,,,,
Video Games/Accessories/PlayStation 3/Repair Tools & Replacement Parts/Replacement Parts/Controller Buttons,,,,
Video Games/Accessories/PlayStation 3/Repair Tools & Replacement Parts/Replacement Parts/Hard Disk Drives,,,,
Video Games/Accessories/PlayStation 3/Repair Tools & Replacement Parts/Replacement Parts/Network Cards,,,,
Video Games/Accessories/PlayStation 3/Repair Tools & Replacement Parts/Replacement Parts/Power Ports,,,,
Video Games/Accessories/PlayStation 3/Thumb Grips,,,,
Video Games/Accessories/PlayStation 4,,,,
Video Games/Accessories/PlayStation 4/Accessory Kits,,,,
Video Games/Accessories/PlayStation 4/Batteries & Chargers,,,,
Video Games/Accessories/PlayStation 4/Batteries & Chargers/Batteries,,,,
Video Games/Accessories/PlayStation 4/Batteries & Chargers/Battery & Charger Sets,,,,
Video Games/Accessories/PlayStation 4/Batteries & Chargers/Chargers,,,,
Video Games/Accessories/PlayStation 4/Cables & Adapters,,,,
Video Games/Accessories/PlayStation 4/Cables & Adapters/Adapters,,,,
Video Games/Accessories/PlayStation 4/Cables & Adapters/Cable & Adapter Sets,,,,
Video Games/Accessories/PlayStation 4/Cables & Adapters/Cables,,,,
Video Games/Accessories/PlayStation 4/Cameras & Webcams,,,,
Video Games/Accessories/PlayStation 4/Cases & Storage,,,,
Video Games/Accessories/PlayStation 4/Cases & Storage/Case & Storage Sets,,,,
Video Games/Accessories/PlayStation 4/Cases & Storage/Cases,,,,
Video Games/Accessories/PlayStation 4/Cases & Storage/Storage,,,,
Video Games/Accessories/PlayStation 4/Cleaning Supplies,,,,
Video Games/Accessories/PlayStation 4/Controllers,,,,
Video Games/Accessories/PlayStation 4/Controllers/Gamepads & Standard Controllers,,,,
Video Games/Accessories/PlayStation 4/Controllers/Keyboards,,,,
Video Games/Accessories/PlayStation 4/Controllers/Racing Wheels,,,,
Video Games/Accessories/PlayStation 4/Controllers/Remotes,,,,
Video Games/Accessories/PlayStation 4/Cooling Systems,,,,
"Video Games/Accessories/PlayStation 4/Faceplates, Protectors & Skins",,,,
"Video Games/Accessories/PlayStation 4/Faceplates, Protectors & Skins/Faceplates",,,,
"Video Games/Accessories/PlayStation 4/Faceplates, Protectors & Skins/Protectors",,,,
"Video Games/Accessories/PlayStation 4/Faceplates, Protectors & Skins/Skin & Protector Sets",,,,
"Video Games/Accessories/PlayStation 4/Faceplates, Protectors & Skins/Skins",,,,
Video Games/Accessories/PlayStation 4/Headsets,,,,
"Video Games/Accessories/PlayStation 4/Mounts, Brackets & Stands",,,,
"Video Games/Accessories/PlayStation 4/Mounts, Brackets & Stands/Brackets",,,,
"Video Games/Accessories/PlayStation 4/Mounts, Brackets & Stands/Mount & Bracket Sets",,,,
"Video Games/Accessories/PlayStation 4/Mounts, Brackets & Stands/Mounts",,,,
"Video Games/Accessories/PlayStation 4/Mounts, Brackets & Stands/Stands",,,,
Video Games/Accessories/PlayStation 4/Repair Tools & Replacement Parts,,,,
Video Games/Accessories/PlayStation 4/Repair Tools & Replacement Parts/Repair Kits,,,,
Video Games/Accessories/PlayStation 4/Repair Tools & Replacement Parts/Repair Tools,,,,
Video Games/Accessories/PlayStation 4/Repair Tools & Replacement Parts/Replacement Parts,,,,
Video Games/Accessories/PlayStation 4/Repair Tools & Replacement Parts/Replacement Parts/Card Slots,,,,
Video Games/Accessories/PlayStation 4/Repair Tools & Replacement Parts/Replacement Parts/Controller Buttons,,,,
Video Games/Accessories/PlayStation 4/Repair Tools & Replacement Parts/Replacement Parts/Hard Disk Drives,,,,
Video Games/Accessories/PlayStation 4/Repair Tools & Replacement Parts/Replacement Parts/Network Cards,,,,
Video Games/Accessories/PlayStation 4/Repair Tools & Replacement Parts/Replacement Parts/Power Ports,,,,
Video Games/Accessories/PlayStation 4/Speakers,,,,
Video Games/Accessories/PlayStation 4/Thumb Grips,,,,
Video Games/Accessories/PlayStation Vita,,,,
Video Games/Accessories/PlayStation Vita/Accessory Kits,,,,
Video Games/Accessories/PlayStation Vita/Batteries & Chargers,,,,
Video Games/Accessories/PlayStation Vita/Batteries & Chargers/Batteries,,,,
Video Games/Accessories/PlayStation Vita/Batteries & Chargers/Battery & Charger Sets,,,,
Video Games/Accessories/PlayStation Vita/Batteries & Chargers/Chargers,,,,
Video Games/Accessories/PlayStation Vita/Cables & Adapters,,,,
Video Games/Accessories/PlayStation Vita/Cables & Adapters/Adapters,,,,
Video Games/Accessories/PlayStation Vita/Cables & Adapters/Cable & Adapter Sets,,,,
Video Games/Accessories/PlayStation Vita/Cables & Adapters/Cables,,,,
Video Games/Accessories/PlayStation Vita/Cases & Storage,,,,
Video Games/Accessories/PlayStation Vita/Cases & Storage/Case & Storage Sets,,,,
Video Games/Accessories/PlayStation Vita/Cases & Storage/Cases,,,,
Video Games/Accessories/PlayStation Vita/Cases & Storage/Storage,,,,
Video Games/Accessories/PlayStation Vita/Cleaning Supplies,,,,
"Video Games/Accessories/PlayStation Vita/Faceplates, Protectors & Skins",,,,
"Video Games/Accessories/PlayStation Vita/Faceplates, Protectors & Skins/Faceplates",,,,
"Video Games/Accessories/PlayStation Vita/Faceplates, Protectors & Skins/Protectors",,,,
"Video Games/Accessories/PlayStation Vita/Faceplates, Protectors & Skins/Skin & Protector Sets",,,,
"Video Games/Accessories/PlayStation Vita/Faceplates, Protectors & Skins/Skins",,,,
Video Games/Accessories/PlayStation Vita/Fitness Accessories,,,,
Video Games/Accessories/PlayStation Vita/Hand Grips,,,,
Video Games/Accessories/PlayStation Vita/Headsets,,,,
Video Games/Accessories/PlayStation Vita/Memory,,,,
Video Games/Accessories/PlayStation Vita/Mounts,,,,
Video Games/Accessories/PlayStation Vita/Repair Tools & Replacement Parts,,,,
Video Games/Accessories/PlayStation Vita/Repair Tools & Replacement Parts/Repair Kits,,,,
Video Games/Accessories/PlayStation Vita/Repair Tools & Replacement Parts/Repair Tools,,,,
Video Games/Accessories/PlayStation Vita/Repair Tools & Replacement Parts/Replacement Parts,,,,
Video Games/Accessories/PlayStation Vita/Thumb Grips,,,,
Video Games/Accessories/Sony PSP,,,,
Video Games/Accessories/Sony PSP/Accessory Kits,,,,
Video Games/Accessories/Sony PSP/Batteries & Chargers,,,,
Video Games/Accessories/Sony PSP/Batteries & Chargers/Batteries,,,,
Video Games/Accessories/Sony PSP/Batteries & Chargers/Battery & Charger Sets,,,,
Video Games/Accessories/Sony PSP/Batteries & Chargers/Chargers,,,,
Video Games/Accessories/Sony PSP/Cables & Adapters,,,,
Video Games/Accessories/Sony PSP/Cables & Adapters/Adapters,,,,
Video Games/Accessories/Sony PSP/Cables & Adapters/Cable & Adapter Sets,,,,
Video Games/Accessories/Sony PSP/Cables & Adapters/Cables,,,,
Video Games/Accessories/Sony PSP/Cases & Storage,,,,
Video Games/Accessories/Sony PSP/Cases & Storage/Case & Storage Sets,,,,
Video Games/Accessories/Sony PSP/Cases & Storage/Cases,,,,
Video Games/Accessories/Sony PSP/Cases & Storage/Storage,,,,
"Video Games/Accessories/Sony PSP/Faceplates, Protectors & Skins",,,,
"Video Games/Accessories/Sony PSP/Faceplates, Protectors & Skins/Faceplates",,,,
"Video Games/Accessories/Sony PSP/Faceplates, Protectors & Skins/Screen Protectors",,,,
"Video Games/Accessories/Sony PSP/Faceplates, Protectors & Skins/Skin & Protector Sets",,,,
"Video Games/Accessories/Sony PSP/Faceplates, Protectors & Skins/Skins",,,,
Video Games/Accessories/Sony PSP/Hand Grips,,,,
Video Games/Accessories/Sony PSP/Headsets,,,,
Video Games/Accessories/Sony PSP/Memory,,,,
Video Games/Accessories/Sony PSP/Repair Tools & Replacement Parts,,,,
Video Games/Accessories/Sony PSP/Repair Tools & Replacement Parts/Repair Kits,,,,
Video Games/Accessories/Sony PSP/Repair Tools & Replacement Parts/Repair Tools,,,,
Video Games/Accessories/Sony PSP/Repair Tools & Replacement Parts/Replacement Parts,,,,
Video Games/Accessories/Sony PSP/Speakers,,,,
Video Games/Accessories/Sony PSP/Wrist Straps,,,,
Video Games/Accessories/Wii,,,,
Video Games/Accessories/Wii/Accessory Kits,,,,
Video Games/Accessories/Wii/Batteries & Chargers,,,,
Video Games/Accessories/Wii/Batteries & Chargers/Batteries,,,,
Video Games/Accessories/Wii/Batteries & Chargers/Battery & Charger Sets,,,,
Video Games/Accessories/Wii/Batteries & Chargers/Chargers,,,,
Video Games/Accessories/Wii/Cables & Adapters,,,,
Video Games/Accessories/Wii/Cables & Adapters/Adapters,,,,
Video Games/Accessories/Wii/Cables & Adapters/Cable & Adapter Sets,,,,
Video Games/Accessories/Wii/Cables & Adapters/Cables,,,,
Video Games/Accessories/Wii/Cameras & Webcams,,,,
Video Games/Accessories/Wii/Cases & Storage,,,,
Video Games/Accessories/Wii/Cases & Storage/Case & Storage Sets,,,,
Video Games/Accessories/Wii/Cases & Storage/Cases,,,,
Video Games/Accessories/Wii/Cases & Storage/Storage,,,,
Video Games/Accessories/Wii/Cleaning Supplies,,,,
Video Games/Accessories/Wii/Controllers,,,,
Video Games/Accessories/Wii/Controllers/Dance Pads,,,,
Video Games/Accessories/Wii/Controllers/Gamepads & Standard Controllers,,,,
Video Games/Accessories/Wii/Controllers/Joysticks,,,,
Video Games/Accessories/Wii/Controllers/Keyboards,,,,
Video Games/Accessories/Wii/Controllers/Motion Controllers,,,,
Video Games/Accessories/Wii/Controllers/Music Controllers,,,,
Video Games/Accessories/Wii/Controllers/Music Controllers/Drums,,,,
Video Games/Accessories/Wii/Controllers/Music Controllers/Drumsticks,,,,
Video Games/Accessories/Wii/Controllers/Music Controllers/Guitars,,,,
Video Games/Accessories/Wii/Controllers/Music Controllers/Keyboards,,,,
Video Games/Accessories/Wii/Controllers/Music Controllers/Microphones,,,,
Video Games/Accessories/Wii/Controllers/Racing Wheels,,,,
Video Games/Accessories/Wii/Controllers/Remotes,,,,
Video Games/Accessories/Wii/Cooling Systems,,,,
"Video Games/Accessories/Wii/Faceplates, Protectors & Skins",,,,
"Video Games/Accessories/Wii/Faceplates, Protectors & Skins/Faceplates",,,,
"Video Games/Accessories/Wii/Faceplates, Protectors & Skins/Protectors",,,,
"Video Games/Accessories/Wii/Faceplates, Protectors & Skins/Skin & Protector Sets",,,,
"Video Games/Accessories/Wii/Faceplates, Protectors & Skins/Skins",,,,
Video Games/Accessories/Wii/Fitness Accessories,,,,
Video Games/Accessories/Wii/Headsets,,,,
Video Games/Accessories/Wii/Memory,,,,
"Video Games/Accessories/Wii/Mounts, Brackets & Stands",,,,
"Video Games/Accessories/Wii/Mounts, Brackets & Stands/Brackets",,,,
"Video Games/Accessories/Wii/Mounts, Brackets & Stands/Mount & Bracket Sets",,,,
"Video Games/Accessories/Wii/Mounts, Brackets & Stands/Mounts",,,,
"Video Games/Accessories/Wii/Mounts, Brackets & Stands/Stands",,,,
Video Games/Accessories/Wii/Repair Tools & Replacement Parts,,,,
Video Games/Accessories/Wii/Repair Tools & Replacement Parts/Repair Kits,,,,
Video Games/Accessories/Wii/Repair Tools & Replacement Parts/Repair Tools,,,,
Video Games/Accessories/Wii/Repair Tools & Replacement Parts/Replacement Parts,,,,
Video Games/Accessories/Wii/Repair Tools & Replacement Parts/Replacement Parts/Card Slots,,,,
Video Games/Accessories/Wii/Repair Tools & Replacement Parts/Replacement Parts/Controller Buttons,,,,
Video Games/Accessories/Wii/Repair Tools & Replacement Parts/Replacement Parts/Hard Disk Drives,,,,
Video Games/Accessories/Wii/Repair Tools & Replacement Parts/Replacement Parts/Network Cards,,,,
Video Games/Accessories/Wii/Repair Tools & Replacement Parts/Replacement Parts/Power Ports,,,,
Video Games/Accessories/Wii/Sensor Bars,,,,
Video Games/Accessories/Wii/Thumb Grips,,,,
Video Games/Accessories/Wii U,,,,
Video Games/Accessories/Wii U/Accessory Kits,,,,
Video Games/Accessories/Wii U/Batteries & Chargers,,,,
Video Games/Accessories/Wii U/Batteries & Chargers/Batteries,,,,
Video Games/Accessories/Wii U/Batteries & Chargers/Battery & Charger Sets,,,,
Video Games/Accessories/Wii U/Batteries & Chargers/Chargers,,,,
Video Games/Accessories/Wii U/Cables & Adapters,,,,
Video Games/Accessories/Wii U/Cables & Adapters/Adapters,,,,
Video Games/Accessories/Wii U/Cables & Adapters/Cable & Adapter Sets,,,,
Video Games/Accessories/Wii U/Cables & Adapters/Cables,,,,
Video Games/Accessories/Wii U/Cameras & Webcams,,,,
Video Games/Accessories/Wii U/Cases & Storage,,,,
Video Games/Accessories/Wii U/Cases & Storage/Case & Storage Sets,,,,
Video Games/Accessories/Wii U/Cases & Storage/Cases,,,,
Video Games/Accessories/Wii U/Cases & Storage/Storage,,,,
Video Games/Accessories/Wii U/Cleaning Supplies,,,,
Video Games/Accessories/Wii U/Controllers,,,,
Video Games/Accessories/Wii U/Controllers/Dance Mats,,,,
Video Games/Accessories/Wii U/Controllers/Gamepads & Standard Controllers,,,,
Video Games/Accessories/Wii U/Controllers/Joysticks,,,,
Video Games/Accessories/Wii U/Controllers/Keyboards,,,,
Video Games/Accessories/Wii U/Controllers/Motion Controllers,,,,
Video Games/Accessories/Wii U/Controllers/Music Controllers,,,,
Video Games/Accessories/Wii U/Controllers/Music Controllers/Drums,,,,
Video Games/Accessories/Wii U/Controllers/Music Controllers/Guitars,,,,
Video Games/Accessories/Wii U/Controllers/Music Controllers/Keyboards,,,,
Video Games/Accessories/Wii U/Controllers/Music Controllers/Microphones,,,,
Video Games/Accessories/Wii U/Controllers/Racing Wheels,,,,
Video Games/Accessories/Wii U/Cooling Systems,,,,
"Video Games/Accessories/Wii U/Faceplates, Protectors & Skins",,,,
"Video Games/Accessories/Wii U/Faceplates, Protectors & Skins/Faceplates",,,,
"Video Games/Accessories/Wii U/Faceplates, Protectors & Skins/Protectors",,,,
"Video Games/Accessories/Wii U/Faceplates, Protectors & Skins/Skin & Protector Sets",,,,
"Video Games/Accessories/Wii U/Faceplates, Protectors & Skins/Skins",,,,
Video Games/Accessories/Wii U/Fitness Accessories,,,,
Video Games/Accessories/Wii U/Headsets,,,,
Video Games/Accessories/Wii U/Memory,,,,
"Video Games/Accessories/Wii U/Mounts, Brackets & Stands",,,,
"Video Games/Accessories/Wii U/Mounts, Brackets & Stands/Brackets",,,,
"Video Games/Accessories/Wii U/Mounts, Brackets & Stands/Mount & Bracket Sets",,,,
"Video Games/Accessories/Wii U/Mounts, Brackets & Stands/Mounts",,,,
"Video Games/Accessories/Wii U/Mounts, Brackets & Stands/Stands",,,,
Video Games/Accessories/Wii U/Repair Tools & Replacement Parts,,,,
Video Games/Accessories/Wii U/Repair Tools & Replacement Parts/Repair Kits,,,,
Video Games/Accessories/Wii U/Repair Tools & Replacement Parts/Repair Tools,,,,
Video Games/Accessories/Wii U/Repair Tools & Replacement Parts/Replacement Parts,,,,
Video Games/Accessories/Wii U/Sensor Bars,,,,
Video Games/Accessories/Xbox 360,,,,
Video Games/Accessories/Xbox 360/Accessory Kits,,,,
Video Games/Accessories/Xbox 360/Batteries & Chargers,,,,
Video Games/Accessories/Xbox 360/Batteries & Chargers/Batteries,,,,
Video Games/Accessories/Xbox 360/Batteries & Chargers/Battery & Charger Sets,,,,
Video Games/Accessories/Xbox 360/Batteries & Chargers/Chargers,,,,
Video Games/Accessories/Xbox 360/Cables & Adapters,,,,
Video Games/Accessories/Xbox 360/Cables & Adapters/Adapters,,,,
Video Games/Accessories/Xbox 360/Cables & Adapters/Cable & Adapter Sets,,,,
Video Games/Accessories/Xbox 360/Cables & Adapters/Cables,,,,
Video Games/Accessories/Xbox 360/Cameras & Webcams,,,,
Video Games/Accessories/Xbox 360/Cases & Storage,,,,
Video Games/Accessories/Xbox 360/Cases & Storage/Case & Storage Sets,,,,
Video Games/Accessories/Xbox 360/Cases & Storage/Cases,,,,
Video Games/Accessories/Xbox 360/Cases & Storage/Storage,,,,
Video Games/Accessories/Xbox 360/Cleaning Supplies,,,,
Video Games/Accessories/Xbox 360/Controllers,,,,
Video Games/Accessories/Xbox 360/Controllers/Dance Pads,,,,
Video Games/Accessories/Xbox 360/Controllers/Gamepads & Standard Controllers,,,,
Video Games/Accessories/Xbox 360/Controllers/Joysticks,,,,
Video Games/Accessories/Xbox 360/Controllers/Keyboards,,,,
Video Games/Accessories/Xbox 360/Controllers/Music Controllers,,,,
Video Games/Accessories/Xbox 360/Controllers/Music Controllers/Drums,,,,
Video Games/Accessories/Xbox 360/Controllers/Music Controllers/Drumsticks,,,,
Video Games/Accessories/Xbox 360/Controllers/Music Controllers/Guitars,,,,
Video Games/Accessories/Xbox 360/Controllers/Music Controllers/Keyboards,,,,
Video Games/Accessories/Xbox 360/Controllers/Music Controllers/Microphones,,,,
Video Games/Accessories/Xbox 360/Controllers/Racing Wheels,,,,
Video Games/Accessories/Xbox 360/Controllers/Remotes,,,,
Video Games/Accessories/Xbox 360/Cooling Systems,,,,
"Video Games/Accessories/Xbox 360/Faceplates, Protectors & Skins",,,,
"Video Games/Accessories/Xbox 360/Faceplates, Protectors & Skins/Faceplates",,,,
"Video Games/Accessories/Xbox 360/Faceplates, Protectors & Skins/Protectors",,,,
"Video Games/Accessories/Xbox 360/Faceplates, Protectors & Skins/Skin & Protector Sets",,,,
"Video Games/Accessories/Xbox 360/Faceplates, Protectors & Skins/Skins",,,,
Video Games/Accessories/Xbox 360/Headsets,,,,
Video Games/Accessories/Xbox 360/Memory,,,,
"Video Games/Accessories/Xbox 360/Mounts, Brackets & Stands",,,,
"Video Games/Accessories/Xbox 360/Mounts, Brackets & Stands/Brackets",,,,
"Video Games/Accessories/Xbox 360/Mounts, Brackets & Stands/Mount & Bracket Sets",,,,
"Video Games/Accessories/Xbox 360/Mounts, Brackets & Stands/Mounts",,,,
"Video Games/Accessories/Xbox 360/Mounts, Brackets & Stands/Stands",,,,
Video Games/Accessories/Xbox 360/Repair Tools & Replacement Parts,,,,
Video Games/Accessories/Xbox 360/Repair Tools & Replacement Parts/Repair Kits,,,,
Video Games/Accessories/Xbox 360/Repair Tools & Replacement Parts/Repair Tools,,,,
Video Games/Accessories/Xbox 360/Repair Tools & Replacement Parts/Replacement Parts,,,,
Video Games/Accessories/Xbox 360/Repair Tools & Replacement Parts/Replacement Parts/Card Slots,,,,
Video Games/Accessories/Xbox 360/Repair Tools & Replacement Parts/Replacement Parts/Controller Buttons,,,,
Video Games/Accessories/Xbox 360/Repair Tools & Replacement Parts/Replacement Parts/Hard Disk Drives,,,,
Video Games/Accessories/Xbox 360/Repair Tools & Replacement Parts/Replacement Parts/Network Cards,,,,
Video Games/Accessories/Xbox 360/Repair Tools & Replacement Parts/Replacement Parts/Power Ports,,,,
Video Games/Accessories/Xbox 360/Thumb Grips,,,,
Video Games/Accessories/Xbox One,,,,
Video Games/Accessories/Xbox One/Accessory Kits,,,,
Video Games/Accessories/Xbox One/Batteries & Chargers,,,,
Video Games/Accessories/Xbox One/Batteries & Chargers/Batteries,,,,
Video Games/Accessories/Xbox One/Batteries & Chargers/Battery & Charger Sets,,,,
Video Games/Accessories/Xbox One/Batteries & Chargers/Chargers,,,,
Video Games/Accessories/Xbox One/Cables & Adapters,,,,
Video Games/Accessories/Xbox One/Cables & Adapters/Adapters,,,,
Video Games/Accessories/Xbox One/Cables & Adapters/Cable & Adapter Sets,,,,
Video Games/Accessories/Xbox One/Cables & Adapters/Cables,,,,
Video Games/Accessories/Xbox One/Cameras & Webcams,,,,
Video Games/Accessories/Xbox One/Cases & Storage,,,,
Video Games/Accessories/Xbox One/Cases & Storage/Case & Storage Sets,,,,
Video Games/Accessories/Xbox One/Cases & Storage/Cases,,,,
Video Games/Accessories/Xbox One/Cases & Storage/Storage,,,,
Video Games/Accessories/Xbox One/Cleaning Supplies,,,,
Video Games/Accessories/Xbox One/Controllers,,,,
Video Games/Accessories/Xbox One/Controllers/Dance Pads,,,,
Video Games/Accessories/Xbox One/Controllers/Gamepads & Standard Controllers,,,,
Video Games/Accessories/Xbox One/Controllers/Joysticks,,,,
Video Games/Accessories/Xbox One/Controllers/Keyboards,,,,
Video Games/Accessories/Xbox One/Controllers/Music Controllers,,,,
Video Games/Accessories/Xbox One/Controllers/Music Controllers/Drums,,,,
Video Games/Accessories/Xbox One/Controllers/Music Controllers/Guitars,,,,
Video Games/Accessories/Xbox One/Controllers/Music Controllers/Keyboards,,,,
Video Games/Accessories/Xbox One/Controllers/Music Controllers/Microphones,,,,
Video Games/Accessories/Xbox One/Controllers/Racing Wheels,,,,
Video Games/Accessories/Xbox One/Controllers/Remotes,,,,
Video Games/Accessories/Xbox One/Cooling Systems,,,,
"Video Games/Accessories/Xbox One/Faceplates, Protectors & Skins",,,,
"Video Games/Accessories/Xbox One/Faceplates, Protectors & Skins/Faceplates",,,,
"Video Games/Accessories/Xbox One/Faceplates, Protectors & Skins/Protectors",,,,
"Video Games/Accessories/Xbox One/Faceplates, Protectors & Skins/Skin & Protector Sets",,,,
"Video Games/Accessories/Xbox One/Faceplates, Protectors & Skins/Skins",,,,
Video Games/Accessories/Xbox One/Headsets,,,,
Video Games/Accessories/Xbox One/Memory,,,,
"Video Games/Accessories/Xbox One/Mounts, Brackets & Stands",,,,
"Video Games/Accessories/Xbox One/Mounts, Brackets & Stands/Brackets",,,,
"Video Games/Accessories/Xbox One/Mounts, Brackets & Stands/Mount & Bracket Sets",,,,
"Video Games/Accessories/Xbox One/Mounts, Brackets & Stands/Mounts",,,,
"Video Games/Accessories/Xbox One/Mounts, Brackets & Stands/Stands",,,,
Video Games/Accessories/Xbox One/Repair Tools & Replacement Parts,,,,
Video Games/Accessories/Xbox One/Repair Tools & Replacement Parts/Repair Kits,,,,
Video Games/Accessories/Xbox One/Repair Tools & Replacement Parts/Repair Tools,,,,
Video Games/Accessories/Xbox One/Repair Tools & Replacement Parts/Replacement Parts,,,,
Video Games/Accessories/Xbox One/Repair Tools & Replacement Parts/Replacement Parts/Card Slots,,,,
Video Games/Accessories/Xbox One/Repair Tools & Replacement Parts/Replacement Parts/Controller Buttons,,,,
Video Games/Accessories/Xbox One/Repair Tools & Replacement Parts/Replacement Parts/Hard Disk Drives,,,,
Video Games/Accessories/Xbox One/Repair Tools & Replacement Parts/Replacement Parts/Network Cards,,,,
Video Games/Accessories/Xbox One/Repair Tools & Replacement Parts/Replacement Parts/Power Ports,,,,
Video Games/Accessories/Xbox One/Thumb Grips,,,,
Video Games/Digital Games,,,,
Video Games/Digital Games/Mac,,,,
Video Games/Digital Games/Nintendo 3DS,,,,
Video Games/Digital Games/Nintendo 3DS/Currency Cards,,,,
Video Games/Digital Games/Nintendo 3DS/Digital Games & DLC,,,,
Video Games/Digital Games/Nintendo 3DS/Digital Games & DLC/Digital Games,,,,
Video Games/Digital Games/Nintendo 3DS/Digital Games & DLC/Downloadable Content,,,,
Video Games/Digital Games/PC,,,,
Video Games/Digital Games/PlayStation 3,,,,
Video Games/Digital Games/PlayStation 3/Digital Games,,,,
Video Games/Digital Games/PlayStation 3/Downloadable Content,,,,
Video Games/Digital Games/PlayStation 3/Points & Currency Cards,,,,
Video Games/Digital Games/PlayStation 3/Subscription Cards,,,,
Video Games/Digital Games/PlayStation 4,,,,
Video Games/Digital Games/PlayStation 4/Currency Cards,,,,
Video Games/Digital Games/PlayStation 4/Digital Games,,,,
Video Games/Digital Games/PlayStation 4/Downloadable Content,,,,
Video Games/Digital Games/PlayStation 4/Subscription Cards,,,,
Video Games/Digital Games/PlayStation Vita,,,,
Video Games/Digital Games/PlayStation Vita/Digital Games,,,,
Video Games/Digital Games/PlayStation Vita/Downloadable Content,,,,
Video Games/Digital Games/PlayStation Vita/Points & Currency Cards,,,,
Video Games/Digital Games/PlayStation Vita/Subscription Cards,,,,
Video Games/Digital Games/Wii,,,,
Video Games/Digital Games/Wii/Digital Games & DLC,,,,
Video Games/Digital Games/Wii/Digital Games & DLC/Digital Games,,,,
Video Games/Digital Games/Wii/Digital Games & DLC/Downloadable Content,,,,
Video Games/Digital Games/Wii/Points Cards,,,,
Video Games/Digital Games/Wii U,,,,
Video Games/Digital Games/Wii U/Currency Cards,,,,
Video Games/Digital Games/Wii U/Digital Games & DLC,,,,
Video Games/Digital Games/Wii U/Digital Games & DLC/Digital Games,,,,
Video Games/Digital Games/Wii U/Digital Games & DLC/Downloadable Content,,,,
Video Games/Digital Games/Xbox 360,,,,
Video Games/Digital Games/Xbox 360/Digital Games,,,,
Video Games/Digital Games/Xbox 360/Downloadable Content,,,,
Video Games/Digital Games/Xbox 360/Points & Currency Cards,,,,
Video Games/Digital Games/Xbox 360/Subscription Cards,,,,
Video Games/Digital Games/Xbox One,,,,
Video Games/Digital Games/Xbox One/Digital Games,,,,
Video Games/Digital Games/Xbox One/Downloadable Content,,,,
Video Games/Digital Games/Xbox One/Points & Currency Cards,,,,
Video Games/Digital Games/Xbox One/Subscription Cards,,,,
Video Games/Mac,,,,
Video Games/Mac/Accessories,,,,
Video Games/Mac/Accessories/Controllers,,,,
Video Games/Mac/Accessories/Controllers/Flight Controls,,,,
Video Games/Mac/Accessories/Controllers/Gamepads & Standard Controllers,,,,
Video Games/Mac/Accessories/Controllers/Joysticks,,,,
Video Games/Mac/Accessories/Controllers/Light Guns,,,,
Video Games/Mac/Accessories/Controllers/Music Controllers,,,,
Video Games/Mac/Accessories/Controllers/Music Controllers/Drums,,,,
Video Games/Mac/Accessories/Controllers/Music Controllers/Drumsticks,,,,
Video Games/Mac/Accessories/Controllers/Music Controllers/Guitars,,,,
Video Games/Mac/Accessories/Controllers/Music Controllers/Keyboards,,,,
Video Games/Mac/Accessories/Controllers/Music Controllers/Microphones,,,,
Video Games/Mac/Accessories/Controllers/Steering Wheels,,,,
Video Games/Mac/Accessories/Gaming Keyboards,,,,
Video Games/Mac/Accessories/Gaming Mice,,,,
Video Games/Mac/Accessories/Headsets,,,,
Video Games/Mac/Digital Games & DLC,,,,
Video Games/Mac/Games,,,,
Video Games/Nintendo 3DS,,,,
Video Games/Nintendo 3DS/Accessories,,,,
Video Games/Nintendo 3DS/Accessories/Accessory Kits,,,,
Video Games/Nintendo 3DS/Accessories/Batteries & Chargers,,,,
Video Games/Nintendo 3DS/Accessories/Batteries & Chargers/Batteries,,,,
Video Games/Nintendo 3DS/Accessories/Batteries & Chargers/Battery & Charger Sets,,,,
Video Games/Nintendo 3DS/Accessories/Batteries & Chargers/Chargers,,,,
Video Games/Nintendo 3DS/Accessories/Cables & Adapters,,,,
Video Games/Nintendo 3DS/Accessories/Cables & Adapters/Adapters,,,,
Video Games/Nintendo 3DS/Accessories/Cables & Adapters/Cable & Adapter Sets,,,,
Video Games/Nintendo 3DS/Accessories/Cables & Adapters/Cables,,,,
Video Games/Nintendo 3DS/Accessories/Cases & Storage,,,,
Video Games/Nintendo 3DS/Accessories/Cases & Storage/Case & Storage Sets,,,,
Video Games/Nintendo 3DS/Accessories/Cases & Storage/Cases,,,,
Video Games/Nintendo 3DS/Accessories/Cases & Storage/Storage,,,,
Video Games/Nintendo 3DS/Accessories/Cleaning Supplies,,,,
"Video Games/Nintendo 3DS/Accessories/Faceplates, Protectors & Skins",,,,
"Video Games/Nintendo 3DS/Accessories/Faceplates, Protectors & Skins/Faceplates",,,,
"Video Games/Nintendo 3DS/Accessories/Faceplates, Protectors & Skins/Screen Protectors",,,,
"Video Games/Nintendo 3DS/Accessories/Faceplates, Protectors & Skins/Skin & Protector Sets",,,,
"Video Games/Nintendo 3DS/Accessories/Faceplates, Protectors & Skins/Skins",,,,
Video Games/Nintendo 3DS/Accessories/Hand Grips,,,,
Video Games/Nintendo 3DS/Accessories/Headsets,,,,
Video Games/Nintendo 3DS/Accessories/Repair Tools & Replacement Parts,,,,
Video Games/Nintendo 3DS/Accessories/Repair Tools & Replacement Parts/Repair Kits,,,,
Video Games/Nintendo 3DS/Accessories/Repair Tools & Replacement Parts/Repair Tools,,,,
Video Games/Nintendo 3DS/Accessories/Repair Tools & Replacement Parts/Replacement Parts,,,,
Video Games/Nintendo 3DS/Accessories/Stands,,,,
Video Games/Nintendo 3DS/Accessories/Stylus Pens,,,,
Video Games/Nintendo 3DS/Consoles,,,,
Video Games/Nintendo 3DS/Currency Cards,,,,
Video Games/Nintendo 3DS/Digital Games & DLC,,,,
Video Games/Nintendo 3DS/Digital Games & DLC/Digital Games,,,,
Video Games/Nintendo 3DS/Digital Games & DLC/Downloadable Content,,,,
Video Games/Nintendo 3DS/Games,,,,
Video Games/Nintendo 3DS/Interactive Gaming Figures,,,,
Video Games/Nintendo DS,,,,
Video Games/Nintendo DS/Accessories,,,,
Video Games/Nintendo DS/Accessories/Accessory Kits,,,,
Video Games/Nintendo DS/Accessories/Batteries & Chargers,,,,
Video Games/Nintendo DS/Accessories/Batteries & Chargers/Batteries,,,,
Video Games/Nintendo DS/Accessories/Batteries & Chargers/Battery & Charger Sets,,,,
Video Games/Nintendo DS/Accessories/Batteries & Chargers/Chargers,,,,
Video Games/Nintendo DS/Accessories/Cables & Adapters,,,,
Video Games/Nintendo DS/Accessories/Cables & Adapters/Adapters,,,,
Video Games/Nintendo DS/Accessories/Cables & Adapters/Cable & Adapter Sets,,,,
Video Games/Nintendo DS/Accessories/Cables & Adapters/Cables,,,,
Video Games/Nintendo DS/Accessories/Cases & Storage,,,,
Video Games/Nintendo DS/Accessories/Cases & Storage/Case & Storage Sets,,,,
Video Games/Nintendo DS/Accessories/Cases & Storage/Cases,,,,
Video Games/Nintendo DS/Accessories/Cases & Storage/Storage,,,,
Video Games/Nintendo DS/Accessories/Cleaning Supplies,,,,
"Video Games/Nintendo DS/Accessories/Faceplates, Protectors & Skins",,,,
"Video Games/Nintendo DS/Accessories/Faceplates, Protectors & Skins/Faceplates",,,,
"Video Games/Nintendo DS/Accessories/Faceplates, Protectors & Skins/Screen Protectors",,,,
"Video Games/Nintendo DS/Accessories/Faceplates, Protectors & Skins/Skin & Protector Sets",,,,
"Video Games/Nintendo DS/Accessories/Faceplates, Protectors & Skins/Skins",,,,
Video Games/Nintendo DS/Accessories/Hand Grips,,,,
Video Games/Nintendo DS/Accessories/Headsets,,,,
Video Games/Nintendo DS/Accessories/Repair Tools & Replacement Parts,,,,
Video Games/Nintendo DS/Accessories/Repair Tools & Replacement Parts/Repair Kits,,,,
Video Games/Nintendo DS/Accessories/Repair Tools & Replacement Parts/Repair Tools,,,,
Video Games/Nintendo DS/Accessories/Repair Tools & Replacement Parts/Replacement Parts,,,,
Video Games/Nintendo DS/Accessories/Stands,,,,
Video Games/Nintendo DS/Accessories/Stylus Pens,,,,
Video Games/Nintendo DS/Consoles,,,,
Video Games/Nintendo DS/Games,,,,
Video Games/PC,,,,
Video Games/PC/Accessories,,,,
Video Games/PC/Accessories/Controllers,,,,
Video Games/PC/Accessories/Controllers/Flight Controls,,,,
Video Games/PC/Accessories/Controllers/Gamepads & Standard Controllers,,,,
Video Games/PC/Accessories/Controllers/Joysticks,,,,
Video Games/PC/Accessories/Controllers/Light Guns,,,,
Video Games/PC/Accessories/Controllers/Music Controllers,,,,
Video Games/PC/Accessories/Controllers/Music Controllers/Drums,,,,
Video Games/PC/Accessories/Controllers/Music Controllers/Drumsticks,,,,
Video Games/PC/Accessories/Controllers/Music Controllers/Guitars,,,,
Video Games/PC/Accessories/Controllers/Music Controllers/Keyboards,,,,
Video Games/PC/Accessories/Controllers/Music Controllers/Microphones,,,,
Video Games/PC/Accessories/Controllers/Racing Wheels,,,,
Video Games/PC/Accessories/Gaming Keyboards,,,,
Video Games/PC/Accessories/Gaming Mice,,,,
Video Games/PC/Accessories/Headsets,,,,
Video Games/PC/Digital Games & DLC,,,,
Video Games/PC/Games,,,,
Video Games/PC/Virtual Reality,,,,
Video Games/PC/Virtual Reality/Cameras,,,,
Video Games/PC/Virtual Reality/Controllers,,,,
Video Games/PC/Virtual Reality/Headsets,,,,
Video Games/PC/Virtual Reality/Motion Tracking Sensors,,,,
Video Games/PlayStation 3,,,,
Video Games/PlayStation 3/Accessories,,,,
Video Games/PlayStation 3/Accessories/Accessory Kits,,,,
Video Games/PlayStation 3/Accessories/Batteries & Chargers,,,,
Video Games/PlayStation 3/Accessories/Batteries & Chargers/Batteries,,,,
Video Games/PlayStation 3/Accessories/Batteries & Chargers/Battery & Charger Sets,,,,
Video Games/PlayStation 3/Accessories/Batteries & Chargers/Chargers,,,,
Video Games/PlayStation 3/Accessories/Cables & Adapters,,,,
Video Games/PlayStation 3/Accessories/Cables & Adapters/Adapters,,,,
Video Games/PlayStation 3/Accessories/Cables & Adapters/Cable & Adapter Sets,,,,
Video Games/PlayStation 3/Accessories/Cables & Adapters/Cables,,,,
Video Games/PlayStation 3/Accessories/Cases & Storage,,,,
Video Games/PlayStation 3/Accessories/Cases & Storage/Case & Storage Sets,,,,
Video Games/PlayStation 3/Accessories/Cases & Storage/Cases,,,,
Video Games/PlayStation 3/Accessories/Cases & Storage/Storage,,,,
Video Games/PlayStation 3/Accessories/Cleaning Supplies,,,,
Video Games/PlayStation 3/Accessories/Controllers,,,,
Video Games/PlayStation 3/Accessories/Controllers/Dance Pads,,,,
Video Games/PlayStation 3/Accessories/Controllers/Gamepads & Standard Controllers,,,,
Video Games/PlayStation 3/Accessories/Controllers/Joysticks,,,,
Video Games/PlayStation 3/Accessories/Controllers/Keyboards,,,,
Video Games/PlayStation 3/Accessories/Controllers/Motion Controllers,,,,
Video Games/PlayStation 3/Accessories/Controllers/Music Controllers,,,,
Video Games/PlayStation 3/Accessories/Controllers/Music Controllers/Drums,,,,
Video Games/PlayStation 3/Accessories/Controllers/Music Controllers/Drumsticks,,,,
Video Games/PlayStation 3/Accessories/Controllers/Music Controllers/Guitars,,,,
Video Games/PlayStation 3/Accessories/Controllers/Music Controllers/Keyboards,,,,
Video Games/PlayStation 3/Accessories/Controllers/Music Controllers/Microphones,,,,
Video Games/PlayStation 3/Accessories/Controllers/Racing Wheels,,,,
Video Games/PlayStation 3/Accessories/Controllers/Remotes,,,,
Video Games/PlayStation 3/Accessories/Cooling Systems,,,,
"Video Games/PlayStation 3/Accessories/Faceplates, Protectors & Skins",,,,
"Video Games/PlayStation 3/Accessories/Faceplates, Protectors & Skins/Faceplates",,,,
"Video Games/PlayStation 3/Accessories/Faceplates, Protectors & Skins/Protectors",,,,
"Video Games/PlayStation 3/Accessories/Faceplates, Protectors & Skins/Skin & Protector Sets",,,,
"Video Games/PlayStation 3/Accessories/Faceplates, Protectors & Skins/Skins",,,,
Video Games/PlayStation 3/Accessories/Headsets,,,,
Video Games/PlayStation 3/Accessories/Memory,,,,
"Video Games/PlayStation 3/Accessories/Mounts, Brackets & Stands",,,,
"Video Games/PlayStation 3/Accessories/Mounts, Brackets & Stands/Brackets",,,,
"Video Games/PlayStation 3/Accessories/Mounts, Brackets & Stands/Mount & Bracket Sets",,,,
"Video Games/PlayStation 3/Accessories/Mounts, Brackets & Stands/Mounts",,,,
"Video Games/PlayStation 3/Accessories/Mounts, Brackets & Stands/Stands",,,,
Video Games/PlayStation 3/Accessories/Repair Tools & Replacement Parts,,,,
Video Games/PlayStation 3/Accessories/Repair Tools & Replacement Parts/Repair Kits,,,,
Video Games/PlayStation 3/Accessories/Repair Tools & Replacement Parts/Repair Tools,,,,
Video Games/PlayStation 3/Accessories/Repair Tools & Replacement Parts/Replacement Parts,,,,
Video Games/PlayStation 3/Accessories/Repair Tools & Replacement Parts/Replacement Parts/Card Slots,,,,
Video Games/PlayStation 3/Accessories/Repair Tools & Replacement Parts/Replacement Parts/Controller Buttons,,,,
Video Games/PlayStation 3/Accessories/Repair Tools & Replacement Parts/Replacement Parts/Hard Disk Drives,,,,
Video Games/PlayStation 3/Accessories/Repair Tools & Replacement Parts/Replacement Parts/Network Cards,,,,
Video Games/PlayStation 3/Accessories/Repair Tools & Replacement Parts/Replacement Parts/Power Ports,,,,
Video Games/PlayStation 3/Accessories/Thumb Grips,,,,
Video Games/PlayStation 3/Consoles,,,,
Video Games/PlayStation 3/Currency & Subscription Cards,,,,
Video Games/PlayStation 3/Currency & Subscription Cards/Currency Cards,,,,
Video Games/PlayStation 3/Currency & Subscription Cards/Subscription Cards,,,,
Video Games/PlayStation 3/Digital Games & DLC,,,,
Video Games/PlayStation 3/Digital Games & DLC/Downloadable Content,,,,
Video Games/PlayStation 3/Digital Games & DLC/Games,,,,
Video Games/PlayStation 3/Games,,,,
Video Games/PlayStation 3/Interactive Gaming Figures,,,,
Video Games/PlayStation 4,,,,
Video Games/PlayStation 4/Accessories,,,,
Video Games/PlayStation 4/Accessories/Accessory Kits,,,,
Video Games/PlayStation 4/Accessories/Batteries & Chargers,,,,
Video Games/PlayStation 4/Accessories/Batteries & Chargers/Batteries,,,,
Video Games/PlayStation 4/Accessories/Batteries & Chargers/Battery & Charger Sets,,,,
Video Games/PlayStation 4/Accessories/Batteries & Chargers/Chargers,,,,
Video Games/PlayStation 4/Accessories/Cables & Adapters,,,,
Video Games/PlayStation 4/Accessories/Cables & Adapters/Adapters,,,,
Video Games/PlayStation 4/Accessories/Cables & Adapters/Cable & Adapter Sets,,,,
Video Games/PlayStation 4/Accessories/Cables & Adapters/Cables,,,,
Video Games/PlayStation 4/Accessories/Cameras & Webcams,,,,
Video Games/PlayStation 4/Accessories/Cases & Storage,,,,
Video Games/PlayStation 4/Accessories/Cases & Storage/Case & Storage Sets,,,,
Video Games/PlayStation 4/Accessories/Cases & Storage/Cases,,,,
Video Games/PlayStation 4/Accessories/Cases & Storage/Storage,,,,
Video Games/PlayStation 4/Accessories/Cleaning Supplies,,,,
Video Games/PlayStation 4/Accessories/Controllers,,,,
Video Games/PlayStation 4/Accessories/Controllers/Gamepads & Standard Controllers,,,,
Video Games/PlayStation 4/Accessories/Controllers/Keyboards,,,,
Video Games/PlayStation 4/Accessories/Controllers/Racing Wheels,,,,
Video Games/PlayStation 4/Accessories/Controllers/Remotes,,,,
Video Games/PlayStation 4/Accessories/Cooling Systems,,,,
"Video Games/PlayStation 4/Accessories/Faceplates, Protectors & Skins",,,,
"Video Games/PlayStation 4/Accessories/Faceplates, Protectors & Skins/Faceplates",,,,
"Video Games/PlayStation 4/Accessories/Faceplates, Protectors & Skins/Protectors",,,,
"Video Games/PlayStation 4/Accessories/Faceplates, Protectors & Skins/Skin & Protector Sets",,,,
"Video Games/PlayStation 4/Accessories/Faceplates, Protectors & Skins/Skins",,,,
Video Games/PlayStation 4/Accessories/Headsets,,,,
"Video Games/PlayStation 4/Accessories/Mounts, Brackets & Stands",,,,
"Video Games/PlayStation 4/Accessories/Mounts, Brackets & Stands/Brackets",,,,
"Video Games/PlayStation 4/Accessories/Mounts, Brackets & Stands/Mount & Bracket Sets",,,,
"Video Games/PlayStation 4/Accessories/Mounts, Brackets & Stands/Mounts",,,,
"Video Games/PlayStation 4/Accessories/Mounts, Brackets & Stands/Stands",,,,
Video Games/PlayStation 4/Accessories/Repair Tools & Replacement Parts,,,,
Video Games/PlayStation 4/Accessories/Repair Tools & Replacement Parts/Repair Kits,,,,
Video Games/PlayStation 4/Accessories/Repair Tools & Replacement Parts/Repair Tools,,,,
Video Games/PlayStation 4/Accessories/Repair Tools & Replacement Parts/Replacement Parts,,,,
Video Games/PlayStation 4/Accessories/Repair Tools & Replacement Parts/Replacement Parts/Card Slots,,,,
Video Games/PlayStation 4/Accessories/Repair Tools & Replacement Parts/Replacement Parts/Controller Buttons,,,,
Video Games/PlayStation 4/Accessories/Repair Tools & Replacement Parts/Replacement Parts/Hard Disk Drives,,,,
Video Games/PlayStation 4/Accessories/Repair Tools & Replacement Parts/Replacement Parts/Network Cards,,,,
Video Games/PlayStation 4/Accessories/Repair Tools & Replacement Parts/Replacement Parts/Power Ports,,,,
Video Games/PlayStation 4/Accessories/Speakers,,,,
Video Games/PlayStation 4/Accessories/Thumb Grips,,,,
Video Games/PlayStation 4/Consoles,,,,
Video Games/PlayStation 4/Currency & Subscription Cards,,,,
Video Games/PlayStation 4/Currency & Subscription Cards/Currency Cards,,,,
Video Games/PlayStation 4/Currency & Subscription Cards/Subscription Cards,,,,
Video Games/PlayStation 4/Digital Games & DLC,,,,
Video Games/PlayStation 4/Digital Games & DLC/Downloadable Content,,,,
Video Games/PlayStation 4/Digital Games & DLC/Games,,,,
Video Games/PlayStation 4/Games,,,,
Video Games/PlayStation 4/Interactive Gaming Figures,,,,
Video Games/PlayStation 4/Virtual Reality,,,,
Video Games/PlayStation 4/Virtual Reality/Cameras,,,,
Video Games/PlayStation 4/Virtual Reality/Controllers,,,,
Video Games/PlayStation 4/Virtual Reality/Headsets,,,,
Video Games/PlayStation Vita,,,,
Video Games/PlayStation Vita/Accessories,,,,
Video Games/PlayStation Vita/Accessories/Accessory Kits,,,,
Video Games/PlayStation Vita/Accessories/Batteries & Chargers,,,,
Video Games/PlayStation Vita/Accessories/Batteries & Chargers/Batteries,,,,
Video Games/PlayStation Vita/Accessories/Batteries & Chargers/Battery & Charger Sets,,,,
Video Games/PlayStation Vita/Accessories/Batteries & Chargers/Chargers,,,,
Video Games/PlayStation Vita/Accessories/Cables & Adapters,,,,
Video Games/PlayStation Vita/Accessories/Cables & Adapters/Adapters,,,,
Video Games/PlayStation Vita/Accessories/Cables & Adapters/Cable & Adapter Sets,,,,
Video Games/PlayStation Vita/Accessories/Cables & Adapters/Cables,,,,
Video Games/PlayStation Vita/Accessories/Cases & Storage,,,,
Video Games/PlayStation Vita/Accessories/Cases & Storage/Case & Storage Sets,,,,
Video Games/PlayStation Vita/Accessories/Cases & Storage/Cases,,,,
Video Games/PlayStation Vita/Accessories/Cases & Storage/Storage,,,,
Video Games/PlayStation Vita/Accessories/Cleaning Supplies,,,,
"Video Games/PlayStation Vita/Accessories/Faceplates, Protectors & Skins",,,,
"Video Games/PlayStation Vita/Accessories/Faceplates, Protectors & Skins/Faceplates",,,,
"Video Games/PlayStation Vita/Accessories/Faceplates, Protectors & Skins/Protectors",,,,
"Video Games/PlayStation Vita/Accessories/Faceplates, Protectors & Skins/Skin & Protector Sets",,,,
"Video Games/PlayStation Vita/Accessories/Faceplates, Protectors & Skins/Skins",,,,
Video Games/PlayStation Vita/Accessories/Fitness Accessories,,,,
Video Games/PlayStation Vita/Accessories/Hand Grips,,,,
Video Games/PlayStation Vita/Accessories/Headsets,,,,
Video Games/PlayStation Vita/Accessories/Memory,,,,
Video Games/PlayStation Vita/Accessories/Mounts,,,,
Video Games/PlayStation Vita/Accessories/Repair Tools & Replacement Parts,,,,
Video Games/PlayStation Vita/Accessories/Repair Tools & Replacement Parts/Repair Kits,,,,
Video Games/PlayStation Vita/Accessories/Repair Tools & Replacement Parts/Repair Tools,,,,
Video Games/PlayStation Vita/Accessories/Repair Tools & Replacement Parts/Replacement Parts,,,,
Video Games/PlayStation Vita/Accessories/Thumb Grips,,,,
Video Games/PlayStation Vita/Consoles,,,,
Video Games/PlayStation Vita/Currency & Subscription Cards,,,,
Video Games/PlayStation Vita/Currency & Subscription Cards/Currency Cards,,,,
Video Games/PlayStation Vita/Currency & Subscription Cards/Subscription Cards,,,,
Video Games/PlayStation Vita/Digital Games & DLC,,,,
Video Games/PlayStation Vita/Digital Games & DLC/Downloadable Content,,,,
Video Games/PlayStation Vita/Digital Games & DLC/Games,,,,
Video Games/PlayStation Vita/Games,,,,
Video Games/Retro Gaming & Microconsoles,,,,
Video Games/Retro Gaming & Microconsoles/3DO,,,,
Video Games/Retro Gaming & Microconsoles/3DO/Accessories,,,,
Video Games/Retro Gaming & Microconsoles/3DO/Consoles,,,,
Video Games/Retro Gaming & Microconsoles/3DO/Games,,,,
Video Games/Retro Gaming & Microconsoles/Atari 2600,,,,
Video Games/Retro Gaming & Microconsoles/Atari 2600/Accessories,,,,
Video Games/Retro Gaming & Microconsoles/Atari 2600/Consoles,,,,
Video Games/Retro Gaming & Microconsoles/Atari 2600/Games,,,,
Video Games/Retro Gaming & Microconsoles/Atari 5200,,,,
Video Games/Retro Gaming & Microconsoles/Atari 5200/Accessories,,,,
Video Games/Retro Gaming & Microconsoles/Atari 5200/Consoles,,,,
Video Games/Retro Gaming & Microconsoles/Atari 5200/Games,,,,
Video Games/Retro Gaming & Microconsoles/Atari 7800,,,,
Video Games/Retro Gaming & Microconsoles/Atari 7800/Accessories,,,,
Video Games/Retro Gaming & Microconsoles/Atari 7800/Consoles,,,,
Video Games/Retro Gaming & Microconsoles/Atari 7800/Games,,,,
Video Games/Retro Gaming & Microconsoles/Atari Jaguar,,,,
Video Games/Retro Gaming & Microconsoles/Atari Jaguar/Accessories,,,,
Video Games/Retro Gaming & Microconsoles/Atari Jaguar/Consoles,,,,
Video Games/Retro Gaming & Microconsoles/Atari Jaguar/Games,,,,
Video Games/Retro Gaming & Microconsoles/Atari Lynx,,,,
Video Games/Retro Gaming & Microconsoles/Atari Lynx/Accessories,,,,
Video Games/Retro Gaming & Microconsoles/Atari Lynx/Consoles,,,,
Video Games/Retro Gaming & Microconsoles/Atari Lynx/Games,,,,
Video Games/Retro Gaming & Microconsoles/ColecoVision,,,,
Video Games/Retro Gaming & Microconsoles/ColecoVision/Accessories,,,,
Video Games/Retro Gaming & Microconsoles/ColecoVision/Consoles,,,,
Video Games/Retro Gaming & Microconsoles/ColecoVision/Games,,,,
Video Games/Retro Gaming & Microconsoles/Commodore 64,,,,
Video Games/Retro Gaming & Microconsoles/Commodore 64/Accessories,,,,
Video Games/Retro Gaming & Microconsoles/Commodore 64/Consoles,,,,
Video Games/Retro Gaming & Microconsoles/Commodore 64/Games,,,,
Video Games/Retro Gaming & Microconsoles/Commodore Amiga,,,,
Video Games/Retro Gaming & Microconsoles/Commodore Amiga/Accessories,,,,
Video Games/Retro Gaming & Microconsoles/Commodore Amiga/Consoles,,,,
Video Games/Retro Gaming & Microconsoles/Commodore Amiga/Games,,,,
Video Games/Retro Gaming & Microconsoles/Game Boy,,,,
Video Games/Retro Gaming & Microconsoles/Game Boy/Accessories,,,,
Video Games/Retro Gaming & Microconsoles/Game Boy/Consoles,,,,
Video Games/Retro Gaming & Microconsoles/Game Boy/Games,,,,
Video Games/Retro Gaming & Microconsoles/Game Boy Advance,,,,
Video Games/Retro Gaming & Microconsoles/Game Boy Advance/Accessories,,,,
Video Games/Retro Gaming & Microconsoles/Game Boy Advance/Consoles,,,,
Video Games/Retro Gaming & Microconsoles/Game Boy Advance/Games,,,,
Video Games/Retro Gaming & Microconsoles/Game Boy Color,,,,
Video Games/Retro Gaming & Microconsoles/Game Boy Color/Accessories,,,,
Video Games/Retro Gaming & Microconsoles/Game Boy Color/Consoles,,,,
Video Games/Retro Gaming & Microconsoles/Game Boy Color/Games,,,,
Video Games/Retro Gaming & Microconsoles/GameCube,,,,
Video Games/Retro Gaming & Microconsoles/GameCube/Accessories,,,,
Video Games/Retro Gaming & Microconsoles/GameCube/Consoles,,,,
Video Games/Retro Gaming & Microconsoles/GameCube/Games,,,,
Video Games/Retro Gaming & Microconsoles/Intellivision,,,,
Video Games/Retro Gaming & Microconsoles/Intellivision/Accessories,,,,
Video Games/Retro Gaming & Microconsoles/Intellivision/Consoles,,,,
Video Games/Retro Gaming & Microconsoles/Intellivision/Games,,,,
Video Games/Retro Gaming & Microconsoles/Linux Games,,,,
Video Games/Retro Gaming & Microconsoles/NEOGEO Pocket,,,,
Video Games/Retro Gaming & Microconsoles/NEOGEO Pocket/Accessories,,,,
Video Games/Retro Gaming & Microconsoles/NEOGEO Pocket/Consoles,,,,
Video Games/Retro Gaming & Microconsoles/NEOGEO Pocket/Games,,,,
Video Games/Retro Gaming & Microconsoles/NVIDIA SHIELD,,,,
Video Games/Retro Gaming & Microconsoles/NVIDIA SHIELD/Accessories,,,,
Video Games/Retro Gaming & Microconsoles/NVIDIA SHIELD/Consoles,,,,
Video Games/Retro Gaming & Microconsoles/NVIDIA SHIELD/Digital Currency,,,,
Video Games/Retro Gaming & Microconsoles/NVIDIA SHIELD/Games,,,,
Video Games/Retro Gaming & Microconsoles/Nintendo 64,,,,
Video Games/Retro Gaming & Microconsoles/Nintendo 64/Accessories,,,,
Video Games/Retro Gaming & Microconsoles/Nintendo 64/Consoles,,,,
Video Games/Retro Gaming & Microconsoles/Nintendo 64/Games,,,,
Video Games/Retro Gaming & Microconsoles/Nintendo NES,,,,
Video Games/Retro Gaming & Microconsoles/Nintendo NES/Accessories,,,,
Video Games/Retro Gaming & Microconsoles/Nintendo NES/Consoles,,,,
Video Games/Retro Gaming & Microconsoles/Nintendo NES/Games,,,,
Video Games/Retro Gaming & Microconsoles/Ouya,,,,
Video Games/Retro Gaming & Microconsoles/Ouya/Accessories,,,,
Video Games/Retro Gaming & Microconsoles/Ouya/Consoles,,,,
Video Games/Retro Gaming & Microconsoles/Ouya/Digital Currency,,,,
Video Games/Retro Gaming & Microconsoles/Ouya/Games,,,,
Video Games/Retro Gaming & Microconsoles/PDAs,,,,
Video Games/Retro Gaming & Microconsoles/PlayStation,,,,
Video Games/Retro Gaming & Microconsoles/PlayStation/Accessories,,,,
Video Games/Retro Gaming & Microconsoles/PlayStation/Consoles,,,,
Video Games/Retro Gaming & Microconsoles/PlayStation/Games,,,,
Video Games/Retro Gaming & Microconsoles/PlayStation 2,,,,
Video Games/Retro Gaming & Microconsoles/PlayStation 2/Accessories,,,,
Video Games/Retro Gaming & Microconsoles/PlayStation 2/Consoles,,,,
Video Games/Retro Gaming & Microconsoles/PlayStation 2/Games,,,,
Video Games/Retro Gaming & Microconsoles/Sega CD,,,,
Video Games/Retro Gaming & Microconsoles/Sega CD/Accessories,,,,
Video Games/Retro Gaming & Microconsoles/Sega CD/Consoles,,,,
Video Games/Retro Gaming & Microconsoles/Sega CD/Games,,,,
Video Games/Retro Gaming & Microconsoles/Sega Dreamcast,,,,
Video Games/Retro Gaming & Microconsoles/Sega Dreamcast/Accessories,,,,
Video Games/Retro Gaming & Microconsoles/Sega Dreamcast/Consoles,,,,
Video Games/Retro Gaming & Microconsoles/Sega Dreamcast/Games,,,,
Video Games/Retro Gaming & Microconsoles/Sega Game Gear,,,,
Video Games/Retro Gaming & Microconsoles/Sega Game Gear/Accessories,,,,
Video Games/Retro Gaming & Microconsoles/Sega Game Gear/Consoles,,,,
Video Games/Retro Gaming & Microconsoles/Sega Game Gear/Games,,,,
Video Games/Retro Gaming & Microconsoles/Sega Genesis,,,,
Video Games/Retro Gaming & Microconsoles/Sega Genesis/Accessories,,,,
Video Games/Retro Gaming & Microconsoles/Sega Genesis/Consoles,,,,
Video Games/Retro Gaming & Microconsoles/Sega Genesis/Games,,,,
Video Games/Retro Gaming & Microconsoles/Sega Master System,,,,
Video Games/Retro Gaming & Microconsoles/Sega Master System/Accessories,,,,
Video Games/Retro Gaming & Microconsoles/Sega Master System/Consoles,,,,
Video Games/Retro Gaming & Microconsoles/Sega Master System/Games,,,,
Video Games/Retro Gaming & Microconsoles/Sega Saturn,,,,
Video Games/Retro Gaming & Microconsoles/Sega Saturn/Accessories,,,,
Video Games/Retro Gaming & Microconsoles/Sega Saturn/Consoles,,,,
Video Games/Retro Gaming & Microconsoles/Sega Saturn/Games,,,,
Video Games/Retro Gaming & Microconsoles/Super Nintendo,,,,
Video Games/Retro Gaming & Microconsoles/Super Nintendo/Accessories,,,,
Video Games/Retro Gaming & Microconsoles/Super Nintendo/Consoles,,,,
Video Games/Retro Gaming & Microconsoles/Super Nintendo/Games,,,,
Video Games/Retro Gaming & Microconsoles/TurboGrafx 16,,,,
Video Games/Retro Gaming & Microconsoles/TurboGrafx 16/Accessories,,,,
Video Games/Retro Gaming & Microconsoles/TurboGrafx 16/Consoles,,,,
Video Games/Retro Gaming & Microconsoles/TurboGrafx 16/Games,,,,
Video Games/Retro Gaming & Microconsoles/Xbox,,,,
Video Games/Retro Gaming & Microconsoles/Xbox/Accessories,,,,
Video Games/Retro Gaming & Microconsoles/Xbox/Consoles,,,,
Video Games/Retro Gaming & Microconsoles/Xbox/Games,,,,
Video Games/Sony PSP,,,,
Video Games/Sony PSP/Accessories,,,,
Video Games/Sony PSP/Accessories/Accessory Kits,,,,
Video Games/Sony PSP/Accessories/Batteries & Chargers,,,,
Video Games/Sony PSP/Accessories/Batteries & Chargers/Batteries,,,,
Video Games/Sony PSP/Accessories/Batteries & Chargers/Battery & Charger Sets,,,,
Video Games/Sony PSP/Accessories/Batteries & Chargers/Chargers,,,,
Video Games/Sony PSP/Accessories/Cables & Adapters,,,,
Video Games/Sony PSP/Accessories/Cables & Adapters/Adapters,,,,
Video Games/Sony PSP/Accessories/Cables & Adapters/Cable & Adapter Sets,,,,
Video Games/Sony PSP/Accessories/Cables & Adapters/Cables,,,,
Video Games/Sony PSP/Accessories/Cases & Storage,,,,
Video Games/Sony PSP/Accessories/Cases & Storage/Case & Storage Sets,,,,
Video Games/Sony PSP/Accessories/Cases & Storage/Cases,,,,
Video Games/Sony PSP/Accessories/Cases & Storage/Storage,,,,
"Video Games/Sony PSP/Accessories/Faceplates, Protectors & Skins",,,,
"Video Games/Sony PSP/Accessories/Faceplates, Protectors & Skins/Faceplates",,,,
"Video Games/Sony PSP/Accessories/Faceplates, Protectors & Skins/Screen Protectors",,,,
"Video Games/Sony PSP/Accessories/Faceplates, Protectors & Skins/Skin & Protector Sets",,,,
"Video Games/Sony PSP/Accessories/Faceplates, Protectors & Skins/Skins",,,,
Video Games/Sony PSP/Accessories/Hand Grips,,,,
Video Games/Sony PSP/Accessories/Headsets,,,,
Video Games/Sony PSP/Accessories/Memory,,,,
Video Games/Sony PSP/Accessories/Repair Tools & Replacement Parts,,,,
Video Games/Sony PSP/Accessories/Repair Tools & Replacement Parts/Repair Kits,,,,
Video Games/Sony PSP/Accessories/Repair Tools & Replacement Parts/Repair Tools,,,,
Video Games/Sony PSP/Accessories/Repair Tools & Replacement Parts/Replacement Parts,,,,
Video Games/Sony PSP/Accessories/Speakers,,,,
Video Games/Sony PSP/Accessories/Wrist Straps,,,,
Video Games/Sony PSP/Consoles,,,,
Video Games/Sony PSP/Games,,,,
Video Games/Wii,,,,
Video Games/Wii/Accessories,,,,
Video Games/Wii/Accessories/Accessory Kits,,,,
Video Games/Wii/Accessories/Batteries & Chargers,,,,
Video Games/Wii/Accessories/Batteries & Chargers/Batteries,,,,
Video Games/Wii/Accessories/Batteries & Chargers/Battery & Charger Sets,,,,
Video Games/Wii/Accessories/Batteries & Chargers/Chargers,,,,
Video Games/Wii/Accessories/Cables & Adapters,,,,
Video Games/Wii/Accessories/Cables & Adapters/Adapters,,,,
Video Games/Wii/Accessories/Cables & Adapters/Cable & Adapter Sets,,,,
Video Games/Wii/Accessories/Cables & Adapters/Cables,,,,
Video Games/Wii/Accessories/Cameras & Webcams,,,,
Video Games/Wii/Accessories/Cases & Storage,,,,
Video Games/Wii/Accessories/Cases & Storage/Case & Storage Sets,,,,
Video Games/Wii/Accessories/Cases & Storage/Cases,,,,
Video Games/Wii/Accessories/Cases & Storage/Storage,,,,
Video Games/Wii/Accessories/Cleaning Supplies,,,,
Video Games/Wii/Accessories/Controllers,,,,
Video Games/Wii/Accessories/Controllers/Dance Pads,,,,
Video Games/Wii/Accessories/Controllers/Gamepads & Standard Controllers,,,,
Video Games/Wii/Accessories/Controllers/Joysticks,,,,
Video Games/Wii/Accessories/Controllers/Keyboards,,,,
Video Games/Wii/Accessories/Controllers/Motion Controllers,,,,
Video Games/Wii/Accessories/Controllers/Music Controllers,,,,
Video Games/Wii/Accessories/Controllers/Music Controllers/Drums,,,,
Video Games/Wii/Accessories/Controllers/Music Controllers/Drumsticks,,,,
Video Games/Wii/Accessories/Controllers/Music Controllers/Guitars,,,,
Video Games/Wii/Accessories/Controllers/Music Controllers/Keyboards,,,,
Video Games/Wii/Accessories/Controllers/Music Controllers/Microphones,,,,
Video Games/Wii/Accessories/Controllers/Racing Wheels,,,,
Video Games/Wii/Accessories/Controllers/Remotes,,,,
Video Games/Wii/Accessories/Cooling Systems,,,,
"Video Games/Wii/Accessories/Faceplates, Protectors & Skins",,,,
"Video Games/Wii/Accessories/Faceplates, Protectors & Skins/Faceplates",,,,
"Video Games/Wii/Accessories/Faceplates, Protectors & Skins/Protectors",,,,
"Video Games/Wii/Accessories/Faceplates, Protectors & Skins/Skin & Protector Sets",,,,
"Video Games/Wii/Accessories/Faceplates, Protectors & Skins/Skins",,,,
Video Games/Wii/Accessories/Fitness Accessories,,,,
Video Games/Wii/Accessories/Headsets,,,,
Video Games/Wii/Accessories/Memory,,,,
"Video Games/Wii/Accessories/Mounts, Brackets & Stands",,,,
"Video Games/Wii/Accessories/Mounts, Brackets & Stands/Brackets",,,,
"Video Games/Wii/Accessories/Mounts, Brackets & Stands/Mount & Bracket Sets",,,,
"Video Games/Wii/Accessories/Mounts, Brackets & Stands/Mounts",,,,
"Video Games/Wii/Accessories/Mounts, Brackets & Stands/Stands",,,,
Video Games/Wii/Accessories/Repair Tools & Replacement Parts,,,,
Video Games/Wii/Accessories/Repair Tools & Replacement Parts/Repair Kits,,,,
Video Games/Wii/Accessories/Repair Tools & Replacement Parts/Repair Tools,,,,
Video Games/Wii/Accessories/Repair Tools & Replacement Parts/Replacement Parts,,,,
Video Games/Wii/Accessories/Repair Tools & Replacement Parts/Replacement Parts/Card Slots,,,,
Video Games/Wii/Accessories/Repair Tools & Replacement Parts/Replacement Parts/Controller Buttons,,,,
Video Games/Wii/Accessories/Repair Tools & Replacement Parts/Replacement Parts/Hard Disk Drives,,,,
Video Games/Wii/Accessories/Repair Tools & Replacement Parts/Replacement Parts/Network Cards,,,,
Video Games/Wii/Accessories/Repair Tools & Replacement Parts/Replacement Parts/Power Ports,,,,
Video Games/Wii/Accessories/Sensor Bars,,,,
Video Games/Wii/Accessories/Thumb Grips,,,,
Video Games/Wii/Consoles,,,,
Video Games/Wii/Digital Games & DLC,,,,
Video Games/Wii/Digital Games & DLC/Digital Games,,,,
Video Games/Wii/Digital Games & DLC/Downloadable Content,,,,
Video Games/Wii/Games,,,,
Video Games/Wii/Interactive Gaming Figures,,,,
Video Games/Wii/Points Cards,,,,
Video Games/Wii U,,,,
Video Games/Wii U/Accessories,,,,
Video Games/Wii U/Accessories/Accessory Kits,,,,
Video Games/Wii U/Accessories/Batteries & Chargers,,,,
Video Games/Wii U/Accessories/Batteries & Chargers/Batteries,,,,
Video Games/Wii U/Accessories/Batteries & Chargers/Battery & Charger Sets,,,,
Video Games/Wii U/Accessories/Batteries & Chargers/Chargers,,,,
Video Games/Wii U/Accessories/Cables & Adapters,,,,
Video Games/Wii U/Accessories/Cables & Adapters/Adapters,,,,
Video Games/Wii U/Accessories/Cables & Adapters/Cable & Adapter Sets,,,,
Video Games/Wii U/Accessories/Cables & Adapters/Cables,,,,
Video Games/Wii U/Accessories/Cameras & Webcams,,,,
Video Games/Wii U/Accessories/Cases & Storage,,,,
Video Games/Wii U/Accessories/Cases & Storage/Case & Storage Sets,,,,
Video Games/Wii U/Accessories/Cases & Storage/Cases,,,,
Video Games/Wii U/Accessories/Cases & Storage/Storage,,,,
Video Games/Wii U/Accessories/Cleaning Supplies,,,,
Video Games/Wii U/Accessories/Controllers,,,,
Video Games/Wii U/Accessories/Controllers/Dance Mats,,,,
Video Games/Wii U/Accessories/Controllers/Gamepads & Standard Controllers,,,,
Video Games/Wii U/Accessories/Controllers/Joysticks,,,,
Video Games/Wii U/Accessories/Controllers/Keyboards,,,,
Video Games/Wii U/Accessories/Controllers/Motion Controllers,,,,
Video Games/Wii U/Accessories/Controllers/Music Controllers,,,,
Video Games/Wii U/Accessories/Controllers/Music Controllers/Drums,,,,
Video Games/Wii U/Accessories/Controllers/Music Controllers/Guitars,,,,
Video Games/Wii U/Accessories/Controllers/Music Controllers/Keyboards,,,,
Video Games/Wii U/Accessories/Controllers/Music Controllers/Microphones,,,,
Video Games/Wii U/Accessories/Controllers/Racing Wheels,,,,
Video Games/Wii U/Accessories/Cooling Systems,,,,
"Video Games/Wii U/Accessories/Faceplates, Protectors & Skins",,,,
"Video Games/Wii U/Accessories/Faceplates, Protectors & Skins/Faceplates",,,,
"Video Games/Wii U/Accessories/Faceplates, Protectors & Skins/Protectors",,,,
"Video Games/Wii U/Accessories/Faceplates, Protectors & Skins/Skin & Protector Sets",,,,
"Video Games/Wii U/Accessories/Faceplates, Protectors & Skins/Skins",,,,
Video Games/Wii U/Accessories/Fitness Accessories,,,,
Video Games/Wii U/Accessories/Headsets,,,,
Video Games/Wii U/Accessories/Memory,,,,
"Video Games/Wii U/Accessories/Mounts, Brackets & Stands",,,,
"Video Games/Wii U/Accessories/Mounts, Brackets & Stands/Brackets",,,,
"Video Games/Wii U/Accessories/Mounts, Brackets & Stands/Mount & Bracket Sets",,,,
"Video Games/Wii U/Accessories/Mounts, Brackets & Stands/Mounts",,,,
"Video Games/Wii U/Accessories/Mounts, Brackets & Stands/Stands",,,,
Video Games/Wii U/Accessories/Repair Tools & Replacement Parts,,,,
Video Games/Wii U/Accessories/Repair Tools & Replacement Parts/Repair Kits,,,,
Video Games/Wii U/Accessories/Repair Tools & Replacement Parts/Repair Tools,,,,
Video Games/Wii U/Accessories/Repair Tools & Replacement Parts/Replacement Parts,,,,
Video Games/Wii U/Accessories/Sensor Bars,,,,
Video Games/Wii U/Consoles,,,,
Video Games/Wii U/Currency Cards,,,,
Video Games/Wii U/Digital Games & DLC,,,,
Video Games/Wii U/Digital Games & DLC/Digital Games,,,,
Video Games/Wii U/Digital Games & DLC/Downloadable Content,,,,
Video Games/Wii U/Games,,,,
Video Games/Wii U/Interactive Gaming Figures,,,,
Video Games/Xbox 360,,,,
Video Games/Xbox 360/Accessories,,,,
Video Games/Xbox 360/Accessories/Accessory Kits,,,,
Video Games/Xbox 360/Accessories/Batteries & Chargers,,,,
Video Games/Xbox 360/Accessories/Batteries & Chargers/Batteries,,,,
Video Games/Xbox 360/Accessories/Batteries & Chargers/Battery & Charger Sets,,,,
Video Games/Xbox 360/Accessories/Batteries & Chargers/Chargers,,,,
Video Games/Xbox 360/Accessories/Cables & Adapters,,,,
Video Games/Xbox 360/Accessories/Cables & Adapters/Adapters,,,,
Video Games/Xbox 360/Accessories/Cables & Adapters/Cable & Adapter Sets,,,,
Video Games/Xbox 360/Accessories/Cables & Adapters/Cables,,,,
Video Games/Xbox 360/Accessories/Cameras & Webcams,,,,
Video Games/Xbox 360/Accessories/Cases & Storage,,,,
Video Games/Xbox 360/Accessories/Cases & Storage/Case & Storage Sets,,,,
Video Games/Xbox 360/Accessories/Cases & Storage/Cases,,,,
Video Games/Xbox 360/Accessories/Cases & Storage/Storage,,,,
Video Games/Xbox 360/Accessories/Cleaning Supplies,,,,
Video Games/Xbox 360/Accessories/Controllers,,,,
Video Games/Xbox 360/Accessories/Controllers/Dance Pads,,,,
Video Games/Xbox 360/Accessories/Controllers/Gamepads & Standard Controllers,,,,
Video Games/Xbox 360/Accessories/Controllers/Joysticks,,,,
Video Games/Xbox 360/Accessories/Controllers/Keyboards,,,,
Video Games/Xbox 360/Accessories/Controllers/Music Controllers,,,,
Video Games/Xbox 360/Accessories/Controllers/Music Controllers/Drums,,,,
Video Games/Xbox 360/Accessories/Controllers/Music Controllers/Drumsticks,,,,
Video Games/Xbox 360/Accessories/Controllers/Music Controllers/Guitars,,,,
Video Games/Xbox 360/Accessories/Controllers/Music Controllers/Keyboards,,,,
Video Games/Xbox 360/Accessories/Controllers/Music Controllers/Microphones,,,,
Video Games/Xbox 360/Accessories/Controllers/Racing Wheels,,,,
Video Games/Xbox 360/Accessories/Controllers/Remotes,,,,
Video Games/Xbox 360/Accessories/Cooling Systems,,,,
"Video Games/Xbox 360/Accessories/Faceplates, Protectors & Skins",,,,
"Video Games/Xbox 360/Accessories/Faceplates, Protectors & Skins/Faceplates",,,,
"Video Games/Xbox 360/Accessories/Faceplates, Protectors & Skins/Protectors",,,,
"Video Games/Xbox 360/Accessories/Faceplates, Protectors & Skins/Skin & Protector Sets",,,,
"Video Games/Xbox 360/Accessories/Faceplates, Protectors & Skins/Skins",,,,
Video Games/Xbox 360/Accessories/Headsets,,,,
Video Games/Xbox 360/Accessories/Memory,,,,
"Video Games/Xbox 360/Accessories/Mounts, Brackets & Stands",,,,
"Video Games/Xbox 360/Accessories/Mounts, Brackets & Stands/Brackets",,,,
"Video Games/Xbox 360/Accessories/Mounts, Brackets & Stands/Mount & Bracket Sets",,,,
"Video Games/Xbox 360/Accessories/Mounts, Brackets & Stands/Mounts",,,,
"Video Games/Xbox 360/Accessories/Mounts, Brackets & Stands/Stands",,,,
Video Games/Xbox 360/Accessories/Repair Tools & Replacement Parts,,,,
Video Games/Xbox 360/Accessories/Repair Tools & Replacement Parts/Repair Kits,,,,
Video Games/Xbox 360/Accessories/Repair Tools & Replacement Parts/Repair Tools,,,,
Video Games/Xbox 360/Accessories/Repair Tools & Replacement Parts/Replacement Parts,,,,
Video Games/Xbox 360/Accessories/Repair Tools & Replacement Parts/Replacement Parts/Card Slots,,,,
Video Games/Xbox 360/Accessories/Repair Tools & Replacement Parts/Replacement Parts/Controller Buttons,,,,
Video Games/Xbox 360/Accessories/Repair Tools & Replacement Parts/Replacement Parts/Hard Disk Drives,,,,
Video Games/Xbox 360/Accessories/Repair Tools & Replacement Parts/Replacement Parts/Network Cards,,,,
Video Games/Xbox 360/Accessories/Repair Tools & Replacement Parts/Replacement Parts/Power Ports,,,,
Video Games/Xbox 360/Accessories/Thumb Grips,,,,
Video Games/Xbox 360/Consoles,,,,
Video Games/Xbox 360/Currency & Subscription Cards,,,,
Video Games/Xbox 360/Currency & Subscription Cards/Points & Currency Cards,,,,
Video Games/Xbox 360/Currency & Subscription Cards/Subscription Cards,,,,
Video Games/Xbox 360/Digital Games & DLC,,,,
Video Games/Xbox 360/Digital Games & DLC/Digital Games,,,,
Video Games/Xbox 360/Digital Games & DLC/Downloadable Content,,,,
Video Games/Xbox 360/Games,,,,
Video Games/Xbox 360/Interactive Gaming Figures,,,,
Video Games/Xbox One,,,,
Video Games/Xbox One/Accessories,,,,
Video Games/Xbox One/Accessories/Accessory Kits,,,,
Video Games/Xbox One/Accessories/Batteries & Chargers,,,,
Video Games/Xbox One/Accessories/Batteries & Chargers/Batteries,,,,
Video Games/Xbox One/Accessories/Batteries & Chargers/Battery & Charger Sets,,,,
Video Games/Xbox One/Accessories/Batteries & Chargers/Chargers,,,,
Video Games/Xbox One/Accessories/Cables & Adapters,,,,
Video Games/Xbox One/Accessories/Cables & Adapters/Adapters,,,,
Video Games/Xbox One/Accessories/Cables & Adapters/Cable & Adapter Sets,,,,
Video Games/Xbox One/Accessories/Cables & Adapters/Cables,,,,
Video Games/Xbox One/Accessories/Cameras & Webcams,,,,
Video Games/Xbox One/Accessories/Cases & Storage,,,,
Video Games/Xbox One/Accessories/Cases & Storage/Case & Storage Sets,,,,
Video Games/Xbox One/Accessories/Cases & Storage/Cases,,,,
Video Games/Xbox One/Accessories/Cases & Storage/Storage,,,,
Video Games/Xbox One/Accessories/Cleaning Supplies,,,,
Video Games/Xbox One/Accessories/Controllers,,,,
Video Games/Xbox One/Accessories/Controllers/Dance Pads,,,,
Video Games/Xbox One/Accessories/Controllers/Gamepads & Standard Controllers,,,,
Video Games/Xbox One/Accessories/Controllers/Joysticks,,,,
Video Games/Xbox One/Accessories/Controllers/Keyboards,,,,
Video Games/Xbox One/Accessories/Controllers/Music Controllers,,,,
Video Games/Xbox One/Accessories/Controllers/Music Controllers/Drums,,,,
Video Games/Xbox One/Accessories/Controllers/Music Controllers/Guitars,,,,
Video Games/Xbox One/Accessories/Controllers/Music Controllers/Keyboards,,,,
Video Games/Xbox One/Accessories/Controllers/Music Controllers/Microphones,,,,
Video Games/Xbox One/Accessories/Controllers/Racing Wheels,,,,
Video Games/Xbox One/Accessories/Controllers/Remotes,,,,
Video Games/Xbox One/Accessories/Cooling Systems,,,,
"Video Games/Xbox One/Accessories/Faceplates, Protectors & Skins",,,,
"Video Games/Xbox One/Accessories/Faceplates, Protectors & Skins/Faceplates",,,,
"Video Games/Xbox One/Accessories/Faceplates, Protectors & Skins/Protectors",,,,
"Video Games/Xbox One/Accessories/Faceplates, Protectors & Skins/Skin & Protector Sets",,,,
"Video Games/Xbox One/Accessories/Faceplates, Protectors & Skins/Skins",,,,
Video Games/Xbox One/Accessories/Headsets,,,,
Video Games/Xbox One/Accessories/Memory,,,,
"Video Games/Xbox One/Accessories/Mounts, Brackets & Stands",,,,
"Video Games/Xbox One/Accessories/Mounts, Brackets & Stands/Brackets",,,,
"Video Games/Xbox One/Accessories/Mounts, Brackets & Stands/Mount & Bracket Sets",,,,
"Video Games/Xbox One/Accessories/Mounts, Brackets & Stands/Mounts",,,,
"Video Games/Xbox One/Accessories/Mounts, Brackets & Stands/Stands",,,,
Video Games/Xbox One/Accessories/Repair Tools & Replacement Parts,,,,
Video Games/Xbox One/Accessories/Repair Tools & Replacement Parts/Repair Kits,,,,
Video Games/Xbox One/Accessories/Repair Tools & Replacement Parts/Repair Tools,,,,
Video Games/Xbox One/Accessories/Repair Tools & Replacement Parts/Replacement Parts,,,,
Video Games/Xbox One/Accessories/Repair Tools & Replacement Parts/Replacement Parts/Card Slots,,,,
Video Games/Xbox One/Accessories/Repair Tools & Replacement Parts/Replacement Parts/Controller Buttons,,,,
Video Games/Xbox One/Accessories/Repair Tools & Replacement Parts/Replacement Parts/Hard Disk Drives,,,,
Video Games/Xbox One/Accessories/Repair Tools & Replacement Parts/Replacement Parts/Network Cards,,,,
Video Games/Xbox One/Accessories/Repair Tools & Replacement Parts/Replacement Parts/Power Ports,,,,
Video Games/Xbox One/Accessories/Thumb Grips,,,,
Video Games/Xbox One/Consoles,,,,
Video Games/Xbox One/Currency & Subscription Cards,,,,
Video Games/Xbox One/Currency & Subscription Cards/Points & Currency Cards,,,,
Video Games/Xbox One/Currency & Subscription Cards/Subscription Cards,,,,
Video Games/Xbox One/Digital Games & DLC,,,,
Video Games/Xbox One/Digital Games & DLC/Digital Games,,,,
Video Games/Xbox One/Digital Games & DLC/Downloadable Content,,,,
Video Games/Xbox One/Games,,,,
Video Games/Xbox One/Interactive Gaming Figures,,,,
Video Games/Xbox One/Virtual Reality,,,,
Video Games/Xbox One/Virtual Reality/Cameras,,,,
Video Games/Xbox One/Virtual Reality/Controllers,,,,
Video Games/Xbox One/Virtual Reality/Headsets,,,,
3DO Games,,,,
3DO Games,,,,
3DO Games,,,,
3DO Games,,,,
Atari 2600 Games,,,,
Atari 2600 Games,,,,
Atari 2600 Games,,,,
Atari 2600 Games,,,,
Atari 5200 Games,,,,
Atari 5200 Games,,,,
Atari 5200 Games,,,,
Atari 5200 Games,,,,
Atari 7800 Games,,,,
Atari 7800 Games,,,,
Atari 7800 Games,,,,
Atari 7800 Games,,,,
Atari Jaguar Games,,,,
Atari Jaguar Games,,,,
Atari Jaguar Games,,,,
Atari Jaguar Games,,,,
Atari Lynx Games,,,,
Atari Lynx Games,,,,
Atari Lynx Games,,,,
Atari Lynx Games,,,,
ColecoVision Games,,,,
ColecoVision Games,,,,
ColecoVision Games,,,,
ColecoVision Games,,,,
Commodore 64 Games,,,,
Commodore 64 Games,,,,
Commodore 64 Games,,,,
Commodore 64 Games,,,,
Commodore Amiga Games,,,,
Commodore Amiga Games,,,,
Commodore Amiga Games,,,,
Commodore Amiga Games,,,,
Digital Game Downloads,,,,
Digital Game Downloads,,,,
Digital Game Downloads,,,,
Game Boy Advance Games,,,,
Game Boy Advance Games,,,,
Game Boy Advance Games,,,,
Game Boy Advance Games,,,,
Game Boy Color Games,,,,
Game Boy Color Games,,,,
Game Boy Color Games,,,,
Game Boy Color Games,,,,
Game Boy Games,,,,
Game Boy Games,,,,
Game Boy Games,,,,
Game Boy Games,,,,
GameCube Games,,,,
GameCube Games,,,,
GameCube Games,,,,
GameCube Games,,,,
Intellivision Games,,,,
Intellivision Games,,,,
Intellivision Games,,,,
Intellivision Games,,,,
Linux Games,,,,
Linux Games,,,,
Linux Games,,,,
Linux Games,,,,
Mac Game Downloads,,,,
Mac Game Downloads,,,,
Mac Game Downloads,,,,
Mac Game Downloads,,,,
Mac Game Downloads,,,,
Mac-compatible Games,,,,
Mac-compatible Games,,,,
Mac-compatible Games,,,,
Mac-compatible Games,,,,
NEOGEO Pocket Games,,,,
NEOGEO Pocket Games,,,,
NEOGEO Pocket Games,,,,
NEOGEO Pocket Games,,,,
NES Games,,,,
NES Games,,,,
NES Games,,,,
NES Games,,,,
"Nintendo 3DS Digital Game, DLC & Cards",,,,
"Nintendo 3DS Digital Game, DLC & Cards",,,,
"Nintendo 3DS Digital Game, DLC & Cards",,,,
Nintendo 3DS Games,,,,
Nintendo 3DS Games,,,,
Nintendo 3DS Games,,,,
Nintendo 3DS Games,,,,
Nintendo 64 Games,,,,
Nintendo 64 Games,,,,
Nintendo 64 Games,,,,
Nintendo 64 Games,,,,
Nintendo DS Games,,,,
Nintendo DS Games,,,,
Nintendo DS Games,,,,
Nintendo DS Games,,,,
Ouya Games,,,,
Ouya Games,,,,
Ouya Games,,,,
Ouya Games,,,,
PC Accessories,,,,
PC Digital Games & DLC,,,,
PC Digital Games & DLC,,,,
PC Digital Games & DLC,,,,
PC Digital Games & DLC,,,,
PC Digital Games & DLC,,,,
PC Drum Controllers,,,,
PC Game Controllers,,,,
PC Game Drumsticks,,,,
PC Game Flight Controls,,,,
PC Game Headsets,,,,
PC Game Joysticks,,,,
PC Game Light Guns,,,,
PC Game Music Controllers,,,,
PC Game Music Keyboards,,,,
PC Game Racing Wheels,,,,
PC Gamepads & Standard Controllers,,,,
PC Games & Accessories,,,,
PC Games & Accessories,,,,
PC Gaming Keyboards,,,,
PC Gaming Mice,,,,
PC Guitar Controllers,,,,
PC Microphone Controllers,,,,
PC Virtual Reality,,,,
PC Virtual Reality,,,,
PC Virtual Reality Cameras,,,,
PC Virtual Reality Cameras,,,,
PC Virtual Reality Controllers,,,,
PC Virtual Reality Controllers,,,,
PC Virtual Reality Headsets,,,,
PC Virtual Reality Headsets,,,,
PC Virtual Reality Motion Tracking Sensors,,,,
PC Virtual Reality Motion Tracking Sensors,,,,
PC-compatible Games,,,,
PC-compatible Games,,,,
PC-compatible Games,,,,
PC-compatible Games,,,,
PC-compatible Games,,,,
PC-compatible Games,,,,
PDA Games,,,,
PDA Games,,,,
PDA Games,,,,
PlayStation 2 Games,,,,
PlayStation 2 Games,,,,
PlayStation 2 Games,,,,
PlayStation 2 Games,,,,
PlayStation 3 Digital Game Codes,,,,
PlayStation 3 Digital Game Codes,,,,
PlayStation 3 Digital Game Codes,,,,
PlayStation 3 Digital Games & DLC,,,,
PlayStation 3 Digital Games & DLC,,,,
PlayStation 3 Digital Games & DLC,,,,
"PlayStation 3 Digital Games, DLC & Cards",,,,
"PlayStation 3 Digital Games, DLC & Cards",,,,
"PlayStation 3 Digital Games, DLC & Cards",,,,
PlayStation 3 Downloadable Content,,,,
PlayStation 3 Downloadable Content,,,,
PlayStation 3 Downloadable Content,,,,
PlayStation 3 Games,,,,
PlayStation 3 Games,,,,
PlayStation 3 Games,,,,
PlayStation 3 Games,,,,
PlayStation 3 Games,,,,
PlayStation 4 Digital Game Codes,,,,
PlayStation 4 Digital Game Codes,,,,
PlayStation 4 Digital Game Codes,,,,
PlayStation 4 Digital Games & DLC,,,,
PlayStation 4 Digital Games & DLC,,,,
PlayStation 4 Digital Games & DLC,,,,
"PlayStation 4 Digital Games, DLC & Cards",,,,
"PlayStation 4 Digital Games, DLC & Cards",,,,
"PlayStation 4 Digital Games, DLC & Cards",,,,
PlayStation 4 Downloadable Content,,,,
PlayStation 4 Downloadable Content,,,,
PlayStation 4 Downloadable Content,,,,
PlayStation 4 Games,,,,
PlayStation 4 Games,,,,
PlayStation 4 Games,,,,
PlayStation 4 Games,,,,
PlayStation 4 Games,,,,
PlayStation Games,,,,
PlayStation Games,,,,
PlayStation Games,,,,
PlayStation Games,,,,
PlayStation Vita Digital Game Codes,,,,
PlayStation Vita Digital Game Codes,,,,
PlayStation Vita Digital Game Codes,,,,
PlayStation Vita Digital Games & DLC,,,,
PlayStation Vita Digital Games & DLC,,,,
PlayStation Vita Digital Games & DLC,,,,
"PlayStation Vita Digital Games, DLC & Cards",,,,
"PlayStation Vita Digital Games, DLC & Cards",,,,
"PlayStation Vita Digital Games, DLC & Cards",,,,
PlayStation Vita Downloadable Content,,,,
PlayStation Vita Downloadable Content,,,,
PlayStation Vita Downloadable Content,,,,
PlayStation Vita Games,,,,
PlayStation Vita Games,,,,
PlayStation Vita Games,,,,
PlayStation Vita Games,,,,
Sega CD Games,,,,
Sega CD Games,,,,
Sega CD Games,,,,
Sega CD Games,,,,
Sega Dreamcast Games,,,,
Sega Dreamcast Games,,,,
Sega Dreamcast Games,,,,
Sega Dreamcast Games,,,,
Sega Game Gear Games,,,,
Sega Game Gear Games,,,,
Sega Game Gear Games,,,,
Sega Game Gear Games,,,,
Sega Genesis Games,,,,
Sega Genesis Games,,,,
Sega Genesis Games,,,,
Sega Genesis Games,,,,
Sega Master System Games,,,,
Sega Master System Games,,,,
Sega Master System Games,,,,
Sega Master System Games,,,,
Sega Saturn Games,,,,
Sega Saturn Games,,,,
Sega Saturn Games,,,,
Sega Saturn Games,,,,
Sony PSP Games,,,,
Sony PSP Games,,,,
Sony PSP Games,,,,
Sony PSP Games,,,,
Super Nintendo Games,,,,
Super Nintendo Games,,,,
Super Nintendo Games,,,,
Super Nintendo Games,,,,
TurboGrafx 16 Games,,,,
TurboGrafx 16 Games,,,,
TurboGrafx 16 Games,,,,
TurboGrafx 16 Games,,,,
Wii Digital Games,,,,
Wii Digital Games,,,,
Wii Digital Games,,,,
Wii Digital Games & DLC,,,,
Wii Digital Games & DLC,,,,
Wii Digital Games & DLC,,,,
"Wii Digital Games, DLC & Cards",,,,
"Wii Digital Games, DLC & Cards",,,,
"Wii Digital Games, DLC & Cards",,,,
Wii Downloadable Content,,,,
Wii Downloadable Content,,,,
Wii Downloadable Content,,,,
Wii Games,,,,
Wii Games,,,,
Wii Games,,,,
Wii Games,,,,
Wii Games,,,,
Wii U Digital Games,,,,
Wii U Digital Games & DLC,,,,
"Wii U Digital Games, DLC & Cards",,,,
"Wii U Digital Games, DLC & Cards",,,,
"Wii U Digital Games, DLC & Cards",,,,
Wii U Downloadable Content,,,,
Wii U Games,,,,
Wii U Games,,,,
Wii U Games,,,,
Wii U Games,,,,
Wii U Games,,,,
Xbox 360 Digital Games,,,,
Xbox 360 Digital Games,,,,
Xbox 360 Digital Games,,,,
Xbox 360 Digital Games & DLC,,,,
Xbox 360 Digital Games & DLC,,,,
Xbox 360 Digital Games & DLC,,,,
"Xbox 360 Digital Games, DLC & Cards",,,,
"Xbox 360 Digital Games, DLC & Cards",,,,
"Xbox 360 Digital Games, DLC & Cards",,,,
Xbox 360 Downloadable Content,,,,
Xbox 360 Downloadable Content,,,,
Xbox 360 Downloadable Content,,,,
Xbox 360 Games,,,,
Xbox 360 Games,,,,
Xbox 360 Games,,,,
Xbox 360 Games,,,,
Xbox 360 Games,,,,
Xbox Games,,,,
Xbox Games,,,,
Xbox Games,,,,
Xbox Games,,,,
Xbox One Digital Games,,,,
Xbox One Digital Games,,,,
Xbox One Digital Games,,,,
Xbox One Digital Games & DLC,,,,
Xbox One Digital Games & DLC,,,,
Xbox One Digital Games & DLC,,,,
"Xbox One Digital Games, DLC & Cards",,,,
"Xbox One Digital Games, DLC & Cards",,,,
"Xbox One Digital Games, DLC & Cards",,,,
Xbox One Downloadable Content,,,,
Xbox One Downloadable Content,,,,
Xbox One Downloadable Content,,,,
Xbox One Games,,,,
Xbox One Games,,,,
Xbox One Games,,,,
Xbox One Games,,,,
Xbox One Games,,,,